"sample","population","season","rep","tube","Clade"
"CT_early_1_01","CT","early",1,1,"IV"
"CT_early_1_01","CT","early",1,1,"X"
"CT_early_1_02","CT","early",1,2,"S"
"CT_early_1_02","CT","early",1,2,"IV"
"CT_early_1_03","CT","early",1,3,"IV"
"CT_early_1_04","CT","early",1,4,"X"
"CT_early_1_05","CT","early",1,5,"IV"
"CT_early_1_05","CT","early",1,5,"S"
"CT_early_1_06","CT","early",1,6,"F"
"CT_early_1_07","CT","early",1,7,"X"
"CT_early_1_08","CT","early",1,8,"X"
"CT_early_1_09","CT","early",1,9,"F"
"CT_early_1_09","CT","early",1,9,"S"
"CT_early_1_10","CT","early",1,10,"X"
"CT_early_1_10","CT","early",1,10,"F"
"CT_early_2_01","CT","early",2,1,"X"
"CT_early_2_02","CT","early",2,2,"X"
"CT_early_2_03","CT","early",2,3,"A_hudsonica"
"CT_early_2_04","CT","early",2,4,"F"
"CT_early_2_05","CT","early",2,5,"S"
"CT_early_2_06","CT","early",2,6,"X"
"CT_early_2_06","CT","early",2,6,"F"
"CT_early_2_07","CT","early",2,7,"S"
"CT_early_2_08","CT","early",2,8,"S"
"CT_early_2_09","CT","early",2,9,"F"
"CT_early_2_10","CT","early",2,10,"F"
"CT_late_1_01","CT","late",1,1,"IV"
"CT_late_1_01","CT","late",1,1,"X"
"CT_late_1_02","CT","late",1,2,"IV"
"CT_late_1_03","CT","late",1,3,"IV"
"CT_late_1_03","CT","late",1,3,"F"
"CT_late_1_04","CT","late",1,4,"S"
"CT_late_1_05","CT","late",1,5,"IV"
"CT_late_1_06","CT","late",1,6,"IV"
"CT_late_1_07","CT","late",1,7,"IV"
"CT_late_1_08","CT","late",1,8,"IV"
"CT_late_1_09","CT","late",1,9,"S"
"CT_late_1_10","CT","late",1,10,"IV"
"CT_late_2_01","CT","late",2,1,"IV"
"CT_late_2_02","CT","late",2,2,"IV"
"CT_late_2_03","CT","late",2,3,"IV"
"CT_late_2_04","CT","late",2,4,"IV"
"CT_late_2_05","CT","late",2,5,"IV"
"CT_late_2_06","CT","late",2,6,"IV"
"CT_late_2_07","CT","late",2,7,"S"
"CT_late_2_08","CT","late",2,8,"IV"
"CT_late_2_09","CT","late",2,9,"IV"
"CT_late_2_09","CT","late",2,9,"X"
"CT_late_2_09","CT","late",2,9,"F"
"CT_late_2_10","CT","late",2,10,"IV"
"CT_late_2_10","CT","late",2,10,"S"
"CT_late_2_10","CT","late",2,10,"F"
"CT_late_2_10","CT","late",2,10,"X"
"CT_peak_1_01","CT","peak",1,1,"S"
"CT_peak_1_02","CT","peak",1,2,"S"
"CT_peak_1_03","CT","peak",1,3,"S"
"CT_peak_1_05","CT","peak",1,5,"S"
"CT_peak_1_06","CT","peak",1,6,"S"
"CT_peak_1_07","CT","peak",1,7,"S"
"CT_peak_1_08","CT","peak",1,8,"X"
"CT_peak_1_09","CT","peak",1,9,"S"
"CT_peak_1_10","CT","peak",1,10,"S"
"CT_peak_2_01","CT","peak",2,1,"S"
"CT_peak_2_02","CT","peak",2,2,"S"
"CT_peak_2_02","CT","peak",2,2,"X"
"CT_peak_2_03","CT","peak",2,3,"S"
"CT_peak_2_04","CT","peak",2,4,"S"
"CT_peak_2_05","CT","peak",2,5,"S"
"CT_peak_2_06","CT","peak",2,6,"S"
"CT_peak_2_07","CT","peak",2,7,"S"
"CT_peak_2_08","CT","peak",2,8,"X"
"CT_peak_2_09","CT","peak",2,9,"X"
"CT_peak_2_10","CT","peak",2,10,"X"
"FH_late_1_01","FH","late",1,1,"F"
"FH_late_1_02","FH","late",1,2,"F"
"FH_late_1_03","FH","late",1,3,"F"
"FH_late_1_04","FH","late",1,4,"F"
"FH_late_1_05","FH","late",1,5,"F"
"FH_late_1_06","FH","late",1,6,"F"
"FH_late_1_07","FH","late",1,7,"F"
"FH_late_1_08","FH","late",1,8,"F"
"FH_late_1_09","FH","late",1,9,"F"
"FH_late_1_10","FH","late",1,10,"F"
"FH_late_2_01","FH","late",2,1,"F"
"FH_late_2_02","FH","late",2,2,"F"
"FH_late_2_03","FH","late",2,3,"F"
"FH_late_2_04","FH","late",2,4,"F"
"FH_late_2_05","FH","late",2,5,"F"
"FH_late_2_06","FH","late",2,6,"F"
"FH_late_2_07","FH","late",2,7,"F"
"FH_late_2_08","FH","late",2,8,"F"
"FH_late_2_09","FH","late",2,9,"F"
"FH_late_2_10","FH","late",2,10,"F"
"FH_peak_1_01","FH","peak",1,1,"F"
"FH_peak_1_02","FH","peak",1,2,"F"
"FH_peak_1_03","FH","peak",1,3,"F"
"FH_peak_1_04","FH","peak",1,4,"F"
"FH_peak_1_05","FH","peak",1,5,"F"
"FH_peak_1_06","FH","peak",1,6,"F"
"FH_peak_1_07","FH","peak",1,7,"F"
"FH_peak_1_08","FH","peak",1,8,"F"
"FH_peak_1_09","FH","peak",1,9,"F"
"FH_peak_1_10","FH","peak",1,10,"X"
"FH_peak_1_10","FH","peak",1,10,"IV"
"FH_peak_1_10","FH","peak",1,10,"S"
"FH_peak_2_01","FH","peak",2,1,"F"
"FH_peak_2_02","FH","peak",2,2,"F"
"FH_peak_2_03","FH","peak",2,3,"F"
"FH_peak_2_04","FH","peak",2,4,"F"
"FH_peak_2_05","FH","peak",2,5,"F"
"FH_peak_2_06","FH","peak",2,6,"F"
"FH_peak_2_07","FH","peak",2,7,"F"
"FH_peak_2_08","FH","peak",2,8,"F"
"FH_peak_2_09","FH","peak",2,9,"F"
"FH_peak_2_10","FH","peak",2,10,"F"
"GW_early_1_01","GW","early",1,1,"F"
"GW_early_1_02","GW","early",1,2,"F"
"GW_early_1_03","GW","early",1,3,"F"
"GW_early_1_04","GW","early",1,4,"S"
"GW_early_1_05","GW","early",1,5,"F"
"GW_early_1_06","GW","early","1","06","F"
"GW_early_1_07","GW","early","1","07","F"
"GW_early_1_08","GW","early","1","08","F"
"GW_early_1_09","GW","early","1","09","F"
"GW_early_1_10","GW","early","1","10","F"
"GW_early_2_01","GW","early","2","01","F"
"GW_early_2_02","GW","early","2","02","F"
"GW_early_2_03","GW","early","2","03","F"
"GW_early_2_04","GW","early","2","04","F"
"GW_early_2_05","GW","early","2","05","F"
"GW_early_2_05","GW","early","2","05","X"
"GW_early_2_06","GW","early","2","06","F"
"GW_early_2_07","GW","early","2","07","F"
"GW_early_2_08","GW","early","2","08","F"
"GW_early_2_09","GW","early","2","09","F"
"GW_early_2_10","GW","early","2","10","F"
"GW_late_1_01","GW","late","1","01","F"
"GW_late_1_02","GW","late","1","02","S"
"GW_late_1_02","GW","late","1","02","X"
"GW_late_1_02","GW","late","1","02","IV"
"GW_late_1_03","GW","late","1","03","F"
"GW_late_1_04","GW","late","1","04","F"
"GW_late_1_05","GW","late","1","05","F"
"GW_late_1_06","GW","late","1","06","F"
"GW_late_1_07","GW","late","1","07","F"
"GW_late_1_08","GW","late","1","08","S"
"GW_late_1_09","GW","late","1","09","S"
"GW_late_1_10","GW","late","1","10","S"
"GW_late_2_01","GW","late","2","01","IV"
"GW_late_2_02","GW","late","2","02","S"
"GW_late_2_03","GW","late","2","03","F"
"GW_late_2_04","GW","late","2","04","F"
"GW_late_2_05","GW","late","2","05","F"
"GW_late_2_06","GW","late","2","06","F"
"GW_late_2_07","GW","late","2","07","F"
"GW_late_2_08","GW","late","2","08","F"
"GW_late_2_09","GW","late","2","09","S"
"GW_late_2_10","GW","late","2","10","F"
"GW_peak_1_01","GW","peak","1","01","F"
"GW_peak_1_02","GW","peak","1","02","F"
"GW_peak_1_03","GW","peak","1","03","F"
"GW_peak_1_04","GW","peak","1","04","F"
"GW_peak_1_05","GW","peak","1","05","F"
"GW_peak_1_06","GW","peak","1","06","F"
"GW_peak_1_07","GW","peak","1","07","F"
"GW_peak_1_08","GW","peak","1","08","F"
"GW_peak_1_09","GW","peak","1","09","F"
"GW_peak_1_10","GW","peak","1","10","F"
"GW_peak_2_01","GW","peak","2","01","F"
"GW_peak_2_02","GW","peak","2","02","F"
"GW_peak_2_03","GW","peak","2","03","F"
"GW_peak_2_03","GW","peak","2","03","S"
"GW_peak_2_04","GW","peak","2","04","F"
"GW_peak_2_05","GW","peak","2","05","F"
"GW_peak_2_06","GW","peak","2","06","F"
"GW_peak_2_07","GW","peak","2","07","F"
"GW_peak_2_08","GW","peak","2","08","F"
"GW_peak_2_09","GW","peak","2","09","F"
"GW_peak_2_10","GW","peak","2","10","F"
"MD_early_1_01","MD","early","1","01","F"
"MD_early_1_02","MD","early","1","02","S"
"MD_early_1_03","MD","early","1","03","S"
"MD_early_1_03","MD","early","1","03","IV"
"MD_early_1_04","MD","early","1","04","F"
"MD_early_1_05","MD","early","1","05","F"
"MD_early_1_06","MD","early","1","06","F"
"MD_early_1_07","MD","early","1","07","F"
"MD_early_1_08","MD","early","1","08","F"
"MD_early_1_09","MD","early","1","09","S"
"MD_early_1_09","MD","early","1","09","F"
"MD_early_1_10","MD","early","1","10","F"
"MD_early_2_01","MD","early","2","01","F"
"MD_early_2_02","MD","early","2","02","F"
"MD_early_2_03","MD","early","2","03","F"
"MD_early_2_04","MD","early","2","04","F"
"MD_early_2_05","MD","early","2","05","F"
"MD_early_2_06","MD","early","2","06","F"
"MD_early_2_07","MD","early","2","07","F"
"MD_early_2_08","MD","early","2","08","F"
"MD_early_2_09","MD","early","2","09","F"
"MD_early_2_10","MD","early","2","10","F"
"MD_late_1_01","MD","late","1","01","S"
"MD_late_1_02","MD","late","1","02","S"
"MD_late_1_03","MD","late","1","03","F"
"MD_late_1_04","MD","late","1","04","X"
"MD_late_1_04","MD","late","1","04","S"
"MD_late_1_04","MD","late","1","04","IV"
"MD_late_1_05","MD","late","1","05","S"
"MD_late_1_06","MD","late","1","06","S"
"MD_late_1_07","MD","late","1","07","S"
"MD_late_1_08","MD","late","1","08","S"
"MD_late_1_09","MD","late","1","09","S"
"MD_late_1_10","MD","late","1","10","F"
"MD_late_2_01","MD","late","2","01","S"
"MD_late_2_02","MD","late","2","02","F"
"MD_late_2_03","MD","late","2","03","S"
"MD_late_2_04","MD","late","2","04","F"
"MD_late_2_05","MD","late","2","05","S"
"MD_late_2_06","MD","late","2","06","F"
"MD_late_2_07","MD","late","2","07","S"
"MD_late_2_08","MD","late","2","08","F"
"MD_late_2_09","MD","late","2","09","F"
"MD_late_2_09","MD","late","2","09","X"
"MD_late_2_10","MD","late","2","10","F"
"MD_peak_1_01","MD","peak","1","01","S"
"MD_peak_1_02","MD","peak","1","02","S"
"MD_peak_1_03","MD","peak","1","03","S"
"MD_peak_1_04","MD","peak","1","04","S"
"MD_peak_1_05","MD","peak","1","05","S"
"MD_peak_1_06","MD","peak","1","06","S"
"MD_peak_1_07","MD","peak","1","07","S"
"MD_peak_1_08","MD","peak","1","08","S"
"MD_peak_1_09","MD","peak","1","09","S"
"MD_peak_1_10","MD","peak","1","10","S"
"MD_peak_2_01","MD","peak","2","01","S"
"MD_peak_2_02","MD","peak","2","02","S"
"MD_peak_2_03","MD","peak","2","03","S"
"MD_peak_2_04","MD","peak","2","04","S"
"MD_peak_2_05","MD","peak","2","05","S"
"MD_peak_2_06","MD","peak","2","06","S"
"MD_peak_2_07","MD","peak","2","07","S"
"MD_peak_2_08","MD","peak","2","08","S"
"MD_peak_2_09","MD","peak","2","09","S"
"MD_peak_2_10","MD","peak","2","10","S"
"ME_early_1_01","ME","early","1","01","X"
"ME_early_1_02","ME","early","1","02","X"
"ME_early_1_03","ME","early","1","03","X"
"ME_early_1_04","ME","early","1","04","IV"
"ME_early_1_05","ME","early","1","05","X"
"ME_early_1_06","ME","early","1","06","X"
"ME_early_1_07","ME","early","1","07","X"
"ME_early_1_08","ME","early","1","08","IV"
"ME_early_1_09","ME","early","1","09","F"
"ME_early_1_10","ME","early","1","10","F"
"ME_early_2_07","ME","early","2","07","S"
"ME_early_2_07","ME","early","2","07","X"
"ME_early_2_08","ME","early","2","08","X"
"ME_early_2_10","ME","early","2","10","S"
"ME_early_2_03","ME","early","2","03","X"
"ME_early_2_05","ME","early","2","05","X"
"ME_early_2_06","ME","early","2","06","F"
"ME_early_2_01","ME","early","2","01","X"
"CT_early_1_01","CT","early",1,1,"IV"
"CT_early_1_01","CT","early",1,1,"X"
"CT_early_1_02","CT","early",1,2,"S"
"CT_early_1_02","CT","early",1,2,"IV"
"CT_early_1_03","CT","early",1,3,"IV"
"CT_early_1_04","CT","early",1,4,"X"
"CT_early_1_05","CT","early",1,5,"IV"
"CT_early_1_05","CT","early",1,5,"S"
"CT_early_1_06","CT","early",1,6,"F"
"CT_early_1_07","CT","early",1,7,"X"
"CT_early_1_08","CT","early",1,8,"X"
"CT_early_1_09","CT","early",1,9,"F"
"CT_early_1_09","CT","early",1,9,"S"
"CT_early_1_10","CT","early",1,10,"X"
"CT_early_1_10","CT","early",1,10,"F"
"CT_early_2_01","CT","early",2,1,"X"
"CT_early_2_02","CT","early",2,2,"X"
"CT_early_2_03","CT","early",2,3,"A_hudsonica"
"CT_early_2_04","CT","early",2,4,"F"
"CT_early_2_05","CT","early",2,5,"S"
"CT_early_2_06","CT","early",2,6,"X"
"CT_early_2_06","CT","early",2,6,"F"
"CT_early_2_07","CT","early",2,7,"S"
"CT_early_2_08","CT","early",2,8,"S"
"CT_early_2_09","CT","early",2,9,"F"
"CT_early_2_10","CT","early",2,10,"F"
"CT_late_1_01","CT","late",1,1,"IV"
"CT_late_1_01","CT","late",1,1,"X"
"CT_late_1_02","CT","late",1,2,"IV"
"CT_late_1_03","CT","late",1,3,"IV"
"CT_late_1_03","CT","late",1,3,"F"
"CT_late_1_04","CT","late",1,4,"S"
"CT_late_1_05","CT","late",1,5,"IV"
"CT_late_1_06","CT","late",1,6,"IV"
"CT_late_1_07","CT","late",1,7,"IV"
"CT_late_1_08","CT","late",1,8,"IV"
"CT_late_1_09","CT","late",1,9,"S"
"CT_late_1_10","CT","late",1,10,"IV"
"CT_late_2_01","CT","late",2,1,"IV"
"CT_late_2_02","CT","late",2,2,"IV"
"CT_late_2_03","CT","late",2,3,"IV"
"CT_late_2_04","CT","late",2,4,"IV"
"CT_late_2_05","CT","late",2,5,"IV"
"CT_late_2_06","CT","late",2,6,"IV"
"CT_late_2_07","CT","late",2,7,"S"
"CT_late_2_08","CT","late",2,8,"IV"
"CT_late_2_09","CT","late",2,9,"IV"
"CT_late_2_09","CT","late",2,9,"X"
"CT_late_2_09","CT","late",2,9,"F"
"CT_late_2_10","CT","late",2,10,"IV"
"CT_late_2_10","CT","late",2,10,"S"
"CT_late_2_10","CT","late",2,10,"F"
"CT_late_2_10","CT","late",2,10,"X"
"CT_peak_1_01","CT","peak",1,1,"S"
"CT_peak_1_02","CT","peak",1,2,"S"
"CT_peak_1_03","CT","peak",1,3,"S"
"CT_peak_1_05","CT","peak",1,5,"S"
"CT_peak_1_06","CT","peak",1,6,"S"
"CT_peak_1_07","CT","peak",1,7,"S"
"CT_peak_1_08","CT","peak",1,8,"X"
"CT_peak_1_09","CT","peak",1,9,"S"
"CT_peak_1_10","CT","peak",1,10,"S"
"CT_peak_2_01","CT","peak",2,1,"S"
"CT_peak_2_02","CT","peak",2,2,"S"
"CT_peak_2_02","CT","peak",2,2,"X"
"CT_peak_2_03","CT","peak",2,3,"S"
"CT_peak_2_04","CT","peak",2,4,"S"
"CT_peak_2_05","CT","peak",2,5,"S"
"CT_peak_2_06","CT","peak",2,6,"S"
"CT_peak_2_07","CT","peak",2,7,"S"
"CT_peak_2_08","CT","peak",2,8,"X"
"CT_peak_2_09","CT","peak",2,9,"X"
"CT_peak_2_10","CT","peak",2,10,"X"
"FH_late_1_01","FH","late",1,1,"F"
"FH_late_1_02","FH","late",1,2,"F"
"FH_late_1_03","FH","late",1,3,"F"
"FH_late_1_04","FH","late",1,4,"F"
"FH_late_1_05","FH","late",1,5,"F"
"FH_late_1_06","FH","late",1,6,"F"
"FH_late_1_07","FH","late",1,7,"F"
"FH_late_1_08","FH","late",1,8,"F"
"FH_late_1_09","FH","late",1,9,"F"
"FH_late_1_10","FH","late",1,10,"F"
"FH_late_2_01","FH","late",2,1,"F"
"FH_late_2_02","FH","late",2,2,"F"
"FH_late_2_03","FH","late",2,3,"F"
"FH_late_2_04","FH","late",2,4,"F"
"FH_late_2_05","FH","late",2,5,"F"
"FH_late_2_06","FH","late",2,6,"F"
"FH_late_2_07","FH","late",2,7,"F"
"FH_late_2_08","FH","late",2,8,"F"
"FH_late_2_09","FH","late",2,9,"F"
"FH_late_2_10","FH","late",2,10,"F"
"FH_peak_1_01","FH","peak",1,1,"F"
"FH_peak_1_02","FH","peak",1,2,"F"
"FH_peak_1_03","FH","peak",1,3,"F"
"FH_peak_1_04","FH","peak",1,4,"F"
"FH_peak_1_05","FH","peak",1,5,"F"
"FH_peak_1_06","FH","peak",1,6,"F"
"FH_peak_1_07","FH","peak",1,7,"F"
"FH_peak_1_08","FH","peak",1,8,"F"
"FH_peak_1_09","FH","peak",1,9,"F"
"FH_peak_1_10","FH","peak",1,10,"X"
"FH_peak_1_10","FH","peak",1,10,"IV"
"FH_peak_1_10","FH","peak",1,10,"S"
"FH_peak_2_01","FH","peak",2,1,"F"
"FH_peak_2_02","FH","peak",2,2,"F"
"FH_peak_2_03","FH","peak",2,3,"F"
"FH_peak_2_04","FH","peak",2,4,"F"
"FH_peak_2_05","FH","peak",2,5,"F"
"FH_peak_2_06","FH","peak",2,6,"F"
"FH_peak_2_07","FH","peak",2,7,"F"
"FH_peak_2_08","FH","peak",2,8,"F"
"FH_peak_2_09","FH","peak",2,9,"F"
"FH_peak_2_10","FH","peak",2,10,"F"
"GW_early_1_01","GW","early",1,1,"F"
"GW_early_1_02","GW","early",1,2,"F"
"GW_early_1_03","GW","early",1,3,"F"
"GW_early_1_04","GW","early",1,4,"S"
"GW_early_1_05","GW","early",1,5,"F"
"GW_early_1_06","GW","early",1,6,"F"
"GW_early_1_07","GW","early",1,7,"F"
"GW_early_1_08","GW","early",1,8,"F"
"GW_early_1_09","GW","early",1,9,"F"
"GW_early_1_10","GW","early",1,10,"F"
"GW_early_2_01","GW","early",2,1,"F"
"GW_early_2_02","GW","early",2,2,"F"
"GW_early_2_03","GW","early",2,3,"F"
"GW_early_2_04","GW","early",2,4,"F"
"GW_early_2_05","GW","early",2,5,"F"
"GW_early_2_05","GW","early",2,5,"X"
"GW_early_2_06","GW","early",2,6,"F"
"GW_early_2_07","GW","early",2,7,"F"
"GW_early_2_08","GW","early",2,8,"F"
"GW_early_2_09","GW","early",2,9,"F"
"GW_early_2_10","GW","early",2,10,"F"
"GW_late_1_01","GW","late",1,1,"F"
"GW_late_1_02","GW","late",1,2,"S"
"GW_late_1_02","GW","late",1,2,"X"
"GW_late_1_02","GW","late",1,2,"IV"
"GW_late_1_03","GW","late",1,3,"F"
"GW_late_1_04","GW","late",1,4,"F"
"GW_late_1_05","GW","late",1,5,"F"
"GW_late_1_06","GW","late",1,6,"F"
"GW_late_1_07","GW","late",1,7,"F"
"GW_late_1_08","GW","late",1,8,"S"
"GW_late_1_09","GW","late",1,9,"S"
"GW_late_1_10","GW","late",1,10,"S"
"GW_late_2_01","GW","late",2,1,"IV"
"GW_late_2_02","GW","late",2,2,"S"
"GW_late_2_03","GW","late",2,3,"F"
"GW_late_2_04","GW","late",2,4,"F"
"GW_late_2_05","GW","late",2,5,"F"
"GW_late_2_06","GW","late",2,6,"F"
"GW_late_2_07","GW","late",2,7,"F"
"GW_late_2_08","GW","late",2,8,"F"
"GW_late_2_09","GW","late",2,9,"S"
"GW_late_2_10","GW","late",2,10,"F"
"GW_peak_1_01","GW","peak",1,1,"F"
"GW_peak_1_02","GW","peak",1,2,"F"
"GW_peak_1_03","GW","peak",1,3,"F"
"GW_peak_1_04","GW","peak",1,4,"F"
"GW_peak_1_05","GW","peak",1,5,"F"
"GW_peak_1_06","GW","peak",1,6,"F"
"GW_peak_1_07","GW","peak",1,7,"F"
"GW_peak_1_08","GW","peak",1,8,"F"
"GW_peak_1_09","GW","peak",1,9,"F"
"GW_peak_1_10","GW","peak",1,10,"F"
"GW_peak_2_01","GW","peak",2,1,"F"
"GW_peak_2_02","GW","peak",2,2,"F"
"GW_peak_2_03","GW","peak",2,3,"F"
"GW_peak_2_03","GW","peak",2,3,"S"
"GW_peak_2_04","GW","peak",2,4,"F"
"GW_peak_2_05","GW","peak",2,5,"F"
"GW_peak_2_06","GW","peak",2,6,"F"
"GW_peak_2_07","GW","peak",2,7,"F"
"GW_peak_2_08","GW","peak",2,8,"F"
"GW_peak_2_09","GW","peak",2,9,"F"
"GW_peak_2_10","GW","peak",2,10,"F"
"MD_early_1_01","MD","early",1,1,"F"
"MD_early_1_02","MD","early",1,2,"S"
"MD_early_1_03","MD","early",1,3,"S"
"MD_early_1_03","MD","early",1,3,"IV"
"MD_early_1_04","MD","early",1,4,"F"
"MD_early_1_05","MD","early",1,5,"F"
"MD_early_1_06","MD","early",1,6,"F"
"MD_early_1_07","MD","early",1,7,"F"
"MD_early_1_08","MD","early",1,8,"F"
"MD_early_1_09","MD","early",1,9,"S"
"MD_early_1_09","MD","early",1,9,"F"
"MD_early_1_10","MD","early",1,10,"F"
"MD_early_2_01","MD","early",2,1,"F"
"MD_early_2_02","MD","early",2,2,"F"
"MD_early_2_03","MD","early",2,3,"F"
"MD_early_2_04","MD","early",2,4,"F"
"MD_early_2_05","MD","early",2,5,"F"
"MD_early_2_06","MD","early",2,6,"F"
"MD_early_2_07","MD","early",2,7,"F"
"MD_early_2_08","MD","early",2,8,"F"
"MD_early_2_09","MD","early",2,9,"F"
"MD_early_2_10","MD","early",2,10,"F"
"MD_late_1_01","MD","late",1,1,"S"
"MD_late_1_02","MD","late",1,2,"S"
"MD_late_1_03","MD","late",1,3,"F"
"MD_late_1_04","MD","late",1,4,"X"
"MD_late_1_04","MD","late",1,4,"S"
"MD_late_1_04","MD","late",1,4,"IV"
"MD_late_1_05","MD","late",1,5,"S"
"MD_late_1_06","MD","late",1,6,"S"
"MD_late_1_07","MD","late",1,7,"S"
"MD_late_1_08","MD","late",1,8,"S"
"MD_late_1_09","MD","late",1,9,"S"
"MD_late_1_10","MD","late",1,10,"F"
"MD_late_2_01","MD","late",2,1,"S"
"MD_late_2_02","MD","late",2,2,"F"
"MD_late_2_03","MD","late",2,3,"S"
"MD_late_2_04","MD","late",2,4,"F"
"MD_late_2_05","MD","late",2,5,"S"
"MD_late_2_06","MD","late",2,6,"F"
"MD_late_2_07","MD","late",2,7,"S"
"MD_late_2_08","MD","late",2,8,"F"
"MD_late_2_09","MD","late",2,9,"F"
"MD_late_2_09","MD","late",2,9,"X"
"MD_late_2_10","MD","late",2,10,"F"
"MD_peak_1_01","MD","peak",1,1,"S"
"MD_peak_1_02","MD","peak",1,2,"S"
"MD_peak_1_03","MD","peak",1,3,"S"
"MD_peak_1_04","MD","peak",1,4,"S"
"MD_peak_1_05","MD","peak",1,5,"S"
"MD_peak_1_06","MD","peak",1,6,"S"
"MD_peak_1_07","MD","peak",1,7,"S"
"MD_peak_1_08","MD","peak",1,8,"S"
"MD_peak_1_09","MD","peak",1,9,"S"
"MD_peak_1_10","MD","peak",1,10,"S"
"MD_peak_2_01","MD","peak",2,1,"S"
"MD_peak_2_02","MD","peak",2,2,"S"
"MD_peak_2_03","MD","peak",2,3,"S"
"MD_peak_2_04","MD","peak",2,4,"S"
"MD_peak_2_05","MD","peak",2,5,"S"
"MD_peak_2_06","MD","peak",2,6,"S"
"MD_peak_2_07","MD","peak",2,7,"S"
"MD_peak_2_08","MD","peak",2,8,"S"
"MD_peak_2_09","MD","peak",2,9,"S"
"MD_peak_2_10","MD","peak",2,10,"S"
"ME_early_1_01","ME","early",1,1,"X"
"ME_early_1_02","ME","early",1,2,"X"
"ME_early_1_03","ME","early",1,3,"X"
"ME_early_1_04","ME","early",1,4,"IV"
"ME_early_1_05","ME","early",1,5,"X"
"ME_early_1_06","ME","early",1,6,"X"
"ME_early_1_07","ME","early",1,7,"X"
"ME_early_1_08","ME","early",1,8,"IV"
"ME_early_1_09","ME","early",1,9,"F"
"ME_early_1_10","ME","early",1,10,"F"
"ME_early_2_07","ME","early",2,7,"S"
"ME_early_2_07","ME","early",2,7,"X"
"ME_early_2_08","ME","early",2,8,"X"
"ME_early_2_10","ME","early",2,10,"S"
"ME_early_2_03","ME","early",2,3,"X"
"ME_early_2_05","ME","early",2,5,"X"
"ME_early_2_06","ME","early",2,6,"F"
"ME_early_2_01","ME","early",2,1,"X"
"ME_late_1_01","ME","late",1,"01","IV"
"ME_late_1_01","ME","late",1,"01","X"
"ME_late_1_02","ME","late",1,"02","A_hudsonica"
"ME_late_1_03","ME","late",1,"03","A_hudsonica"
"ME_late_1_04","ME","late",1,"04","A_hudsonica"
"ME_late_1_04","ME","late",1,"04","IV"
"ME_late_1_05","ME","late",1,"05","A_hudsonica"
"ME_late_1_06","ME","late",1,"06","A_hudsonica"
"ME_late_1_07","ME","late",1,"07","A_hudsonica"
"ME_late_1_08","ME","late",1,"08","A_hudsonica"
"ME_late_1_09","ME","late",1,"09","A_hudsonica"
"ME_late_1_10","ME","late",1,"10","A_hudsonica"
"ME_late_2_01","ME","late",2,"01","IV"
"ME_late_2_02","ME","late",2,"02","X"
"ME_late_2_02","ME","late",2,"02","F"
"ME_late_2_03","ME","late",2,"03","IV"
"ME_late_2_04","ME","late",2,"04","IV"
"ME_late_2_05","ME","late",2,"05","X"
"ME_late_2_06","ME","late",2,"06","IV"
"ME_late_2_06","ME","late",2,"06","F"
"ME_late_2_07","ME","late",2,"07","X"
"ME_peak_1_01","ME","peak",1,"01","X"
"ME_peak_1_02","ME","peak",1,"02","X"
"ME_peak_1_03","ME","peak",1,"03","X"
"ME_peak_1_04","ME","peak",1,"04","A_hudsonica"
"ME_peak_1_05","ME","peak",1,"05","X"
"ME_peak_1_06","ME","peak",1,"06","X"
"ME_peak_1_06","ME","peak",1,"06","S"
"ME_peak_1_07","ME","peak",1,"07","X"
"ME_peak_1_08","ME","peak",1,"08","X"
"ME_peak_1_08","ME","peak",1,"08","S"
"ME_peak_1_09","ME","peak",1,"09","IV"
"ME_peak_1_10","ME","peak",1,"10","X"
"ME_peak_1_10","ME","peak",1,"10","S"
"ME_peak_1_10","ME","peak",1,"10","F"
"ME_peak_2_01","ME","peak",2,"01","X"
"ME_peak_2_02","ME","peak",2,"02","X"
"ME_peak_2_03","ME","peak",2,"03","X"
"ME_peak_2_04","ME","peak",2,"04","X"
"ME_peak_2_05","ME","peak",2,"05","X"
"ME_peak_2_06","ME","peak",2,"06","X"
"ME_peak_2_07","ME","peak",2,"07","X"
"ME_peak_2_08","ME","peak",2,"08","S"
"ME_peak_2_09","ME","peak",2,"09","X"
"ME_peak_2_10","ME","peak",2,"10","X"
"MR_late_1_01","MR","late",1,"01","F"
"MR_late_1_02","MR","late",1,"02","S"
"MR_late_1_03","MR","late",1,"03","S"
"MR_late_1_04","MR","late",1,"04","S"
"MR_late_1_05","MR","late",1,"05","F"
"MR_late_1_06","MR","late",1,"06","F"
"MR_late_1_07","MR","late",1,"07","S"
"MR_late_1_08","MR","late",1,"08","F"
"MR_late_1_09","MR","late",1,"09","S"
"MR_late_1_10","MR","late",1,"10","F"
"MR_late_2_01","MR","late",2,"01","S"
"MR_late_2_02","MR","late",2,"02","S"
"MR_late_2_03","MR","late",2,"03","S"
"MR_late_2_04","MR","late",2,"04","F"
"MR_late_2_05","MR","late",2,"05","F"
"MR_late_2_06","MR","late",2,"06","F"
"MR_late_2_07","MR","late",2,"07","F"
"MR_late_2_08","MR","late",2,"08","F"
"MR_late_2_09","MR","late",2,"09","F"
"MR_late_2_10","MR","late",2,"10","F"
"MR_peak_1_01","MR","peak",1,"01","F"
"MR_peak_1_02","MR","peak",1,"02","F"
"MR_peak_1_03","MR","peak",1,"03","F"
"MR_peak_1_04","MR","peak",1,"04","F"
"MR_peak_1_05","MR","peak",1,"05","F"
"MR_peak_1_06","MR","peak",1,"06","F"
"MR_peak_1_07","MR","peak",1,"07","F"
"MR_peak_1_08","MR","peak",1,"08","F"
"MR_peak_1_09","MR","peak",1,"09","F"
"MR_peak_1_10","MR","peak",1,"10","F"
"MR_peak_2_01","MR","peak",2,"01","F"
"MR_peak_2_02","MR","peak",2,"02","F"
"MR_peak_2_02","MR","peak",2,"02","X"
"MR_peak_2_02","MR","peak",2,"02","S"
"MR_peak_2_03","MR","peak",2,"03","F"
"MR_peak_2_04","MR","peak",2,"04","F"
"MR_peak_2_05","MR","peak",2,"05","F"
"MR_peak_2_06","MR","peak",2,"06","F"
"MR_peak_2_07","MR","peak",2,"07","F"
"MR_peak_2_07","MR","peak",2,"07","X"
"MR_peak_2_08","MR","peak",2,"08","F"
"MR_peak_2_09","MR","peak",2,"09","F"
"MR_peak_2_10","MR","peak",2,"10","F"
"RW_early_1_01","RW","early",1,"01","X"
"RW_early_1_02","RW","early",1,"02","X"
"RW_early_1_03","RW","early",1,"03","X"
"RW_early_1_03","RW","early",1,"03","S"
"RW_early_1_04","RW","early",1,"04","X"
"RW_early_1_05","RW","early",1,"05","X"
"RW_early_1_06","RW","early",1,"06","X"
"RW_early_1_06","RW","early",1,"06","F"
"RW_early_1_07","RW","early",1,"07","X"
"RW_early_1_07","RW","early",1,"07","F"
"RW_early_1_08","RW","early",1,"08","X"
"RW_early_1_09","RW","early",1,"09","X"
"RW_early_1_10","RW","early",1,"10","X"
"RW_early_1_10","RW","early",1,"10","A_hudsonica"
"RW_early_2_02","RW","early",2,"02","X"
"RW_early_2_04","RW","early",2,"04","X"
"RW_early_2_05","RW","early",2,"05","F"
"RW_early_2_06","RW","early",2,"06","X"
"RW_early_2_07","RW","early",2,"07","X"
"RW_early_2_08","RW","early",2,"08","X"
"RW_early_2_09","RW","early",2,"09","S"
"RW_early_2_09","RW","early",2,"09","X"
"RW_early_2_10","RW","early",2,"10","X"
"RW_late_1_01","RW","late",1,"01","X"
"RW_late_1_02","RW","late",1,"02","X"
"RW_late_1_03","RW","late",1,"03","IV"
"RW_late_1_04","RW","late",1,"04","IV"
"RW_late_1_05","RW","late",1,"05","X"
"RW_late_1_06","RW","late",1,"06","IV"
"RW_late_1_07","RW","late",1,"07","X"
"RW_late_1_07","RW","late",1,"07","F"
"RW_late_1_07","RW","late",1,"07","S"
"RW_late_1_08","RW","late",1,"08","X"
"RW_late_1_09","RW","late",1,"09","X"
"RW_late_1_10","RW","late",1,"10","X"
"RW_late_1_10","RW","late",1,"10","F"
"RW_late_2_01","RW","late",2,"01","X"
"RW_late_2_02","RW","late",2,"02","X"
"RW_late_2_03","RW","late",2,"03","IV"
"RW_late_2_04","RW","late",2,"04","X"
"RW_late_2_04","RW","late",2,"04","S"
"RW_late_2_04","RW","late",2,"04","IV"
"RW_late_2_05","RW","late",2,"05","X"
"RW_late_2_06","RW","late",2,"06","X"
"RW_late_2_07","RW","late",2,"07","X"
"RW_late_2_08","RW","late",2,"08","F"
"RW_late_2_09","RW","late",2,"09","X"
"RW_late_2_10","RW","late",2,"10","X"
"RW_peak_1_01","RW","peak",1,"01","X"
"RW_peak_1_01","RW","peak",1,"01","S"
"RW_peak_1_02","RW","peak",1,"02","X"
"RW_peak_1_03","RW","peak",1,"03","X"
"RW_peak_1_04","RW","peak",1,"04","X"
"RW_peak_1_05","RW","peak",1,"05","X"
"RW_peak_1_05","RW","peak",1,"05","S"
"RW_peak_1_06","RW","peak",1,"06","X"
"RW_peak_1_07","RW","peak",1,"07","X"
"RW_peak_1_08","RW","peak",1,"08","X"
"RW_peak_1_09","RW","peak",1,"09","X"
"RW_peak_1_10","RW","peak",1,"10","X"
"RW_peak_2_01","RW","peak",2,"01","X"
"RW_peak_2_02","RW","peak",2,"02","X"
"RW_peak_2_03","RW","peak",2,"03","X"
"RW_peak_2_04","RW","peak",2,"04","X"
"RW_peak_2_05","RW","peak",2,"05","X"
"RW_peak_2_06","RW","peak",2,"06","X"
"RW_peak_2_07","RW","peak",2,"07","F"
"RW_peak_2_08","RW","peak",2,"08","X"
"RW_peak_2_09","RW","peak",2,"09","IV"
"RW_peak_2_10","RW","peak",2,"10","IV"
"RW_peak_2_10","RW","peak",2,"10","X"
"TK_early_1_01","TK","early",1,"01","X"
"TK_early_1_01","TK","early",1,"01","S"
"TK_early_1_01","TK","early",1,"01","F"
"TK_early_1_01","TK","early",1,"01","IV"
"TK_early_1_02","TK","early",1,"02","IV"
"TK_early_1_02","TK","early",1,"02","S"
"TK_early_1_03","TK","early",1,"03","X"
"TK_early_1_04","TK","early",1,"04","X"
"TK_early_1_05","TK","early",1,"05","X"
"TK_early_1_05","TK","early",1,"05","F"
"TK_early_1_05","TK","early",1,"05","S"
"TK_early_1_06","TK","early",1,"06","X"
"TK_early_1_07","TK","early",1,"07","X"
"TK_early_1_08","TK","early",1,"08","X"
"TK_early_1_09","TK","early",1,"09","IV"
"TK_early_1_09","TK","early",1,"09","S"
"TK_early_1_10","TK","early",1,"10","S"
"TK_early_2_01","TK","early",2,"01","X"
"TK_early_2_02","TK","early",2,"02","F"
"TK_early_2_03","TK","early",2,"03","X"
"TK_early_2_04","TK","early",2,"04","X"
"TK_early_2_05","TK","early",2,"05","X"
"TK_early_2_07","TK","early",2,"07","IV"
"TK_early_2_09","TK","early",2,"09","X"
"TK_early_2_10","TK","early",2,"10","X"
"TK_early_2_10","TK","early",2,"10","F"
"TK_late_1_01","TK","late",1,"01","IV"
"TK_late_1_02","TK","late",1,"02","IV"
"TK_late_1_03","TK","late",1,"03","IV"
"TK_late_1_04","TK","late",1,"04","IV"
"TK_late_1_04","TK","late",1,"04","S"
"TK_late_1_05","TK","late",1,"05","IV"
"TK_late_1_06","TK","late",1,"06","IV"
"TK_late_1_07","TK","late",1,"07","IV"
"TK_late_1_08","TK","late",1,"08","IV"
"TK_late_1_08","TK","late",1,"08","X"
"TK_late_1_08","TK","late",1,"08","S"
"TK_late_1_09","TK","late",1,"09","IV"
"TK_late_1_10","TK","late",1,"10","IV"
"TK_late_2_01","TK","late",2,"01","IV"
"TK_late_2_02","TK","late",2,"02","IV"
"TK_late_2_03","TK","late",2,"03","IV"
"TK_late_2_04","TK","late",2,"04","IV"
"TK_late_2_05","TK","late",2,"05","IV"
"TK_late_2_05","TK","late",2,"05","S"
"TK_late_2_06","TK","late",2,"06","IV"
"TK_late_2_07","TK","late",2,"07","IV"
"TK_late_2_08","TK","late",2,"08","IV"
"TK_late_2_09","TK","late",2,"09","IV"
"TK_late_2_09","TK","late",2,"09","F"
"TK_late_2_10","TK","late",2,"10","IV"
"TK_peak_1_01","TK","peak",1,"01","X"
"TK_peak_1_02","TK","peak",1,"02","X"
"TK_peak_1_03","TK","peak",1,"03","X"
"TK_peak_1_03","TK","peak",1,"03","F"
"TK_peak_1_04","TK","peak",1,"04","X"
"TK_peak_1_05","TK","peak",1,"05","X"
"TK_peak_1_06","TK","peak",1,"06","X"
"TK_peak_1_06","TK","peak",1,"06","F"
"TK_peak_1_07","TK","peak",1,"07","X"
"TK_peak_1_08","TK","peak",1,"08","X"
"TK_peak_1_09","TK","peak",1,"09","X"
"TK_peak_1_09","TK","peak",1,"09","F"
"TK_peak_1_09","TK","peak",1,"09","IV"
"TK_peak_1_10","TK","peak",1,"10","X"
"TK_peak_2_01","TK","peak",2,"01","X"
"TK_peak_2_01","TK","peak",2,"01","IV"
"TK_peak_2_02","TK","peak",2,"02","X"
"TK_peak_2_02","TK","peak",2,"02","S"
"TK_peak_2_03","TK","peak",2,"03","X"
"TK_peak_2_04","TK","peak",2,"04","X"
"TK_peak_2_05","TK","peak",2,"05","X"
"TK_peak_2_06","TK","peak",2,"06","X"
"TK_peak_2_07","TK","peak",2,"07","X"
"TK_peak_2_09","TK","peak",2,"09","X"
"TK_peak_2_10","TK","peak",2,"10","IV"
"TK_peak_2_08","TK","peak",2,"08","IV"
