"sample","Clade","n","population","season","individual"
"MR_late_1_01","F",5836,"MR","late","1_01"
"MR_late_1_01","S",15,"MR","late","1_01"
"MR_late_1_01","X",66,"MR","late","1_01"
"MR_late_1_02","F",6,"MR","late","1_02"
"MR_late_1_02","S",28896,"MR","late","1_02"
"MR_late_1_03","F",12,"MR","late","1_03"
"MR_late_1_03","S",3970,"MR","late","1_03"
"MR_late_1_04","S",7204,"MR","late","1_04"
"MR_late_1_05","F",8684,"MR","late","1_05"
"MR_late_1_06","F",7296,"MR","late","1_06"
"MR_late_1_07","F",4,"MR","late","1_07"
"MR_late_1_07","S",7627,"MR","late","1_07"
"MR_late_1_08","F",7904,"MR","late","1_08"
"MR_late_1_08","S",502,"MR","late","1_08"
"MR_late_1_09","S",33768,"MR","late","1_09"
"MR_late_1_09","X",32,"MR","late","1_09"
"MR_late_1_10","F",5976,"MR","late","1_10"
"MR_late_2_01","S",10304,"MR","late","2_01"
"MR_late_2_02","S",12072,"MR","late","2_02"
"MR_late_2_03","F",5,"MR","late","2_03"
"MR_late_2_03","IV",28,"MR","late","2_03"
"MR_late_2_03","S",28501,"MR","late","2_03"
"MR_late_2_04","F",11077,"MR","late","2_04"
"MR_late_2_05","F",6861,"MR","late","2_05"
"MR_late_2_05","S",13,"MR","late","2_05"
"MR_late_2_05","X",23,"MR","late","2_05"
"MR_late_2_06","F",8694,"MR","late","2_06"
"MR_late_2_06","X",28,"MR","late","2_06"
"MR_late_2_07","F",8055,"MR","late","2_07"
"MR_late_2_07","IV",5,"MR","late","2_07"
"MR_late_2_07","S",12,"MR","late","2_07"
"MR_late_2_08","F",5735,"MR","late","2_08"
"MR_late_2_08","S",13,"MR","late","2_08"
"MR_late_2_08","X",22,"MR","late","2_08"
"MR_late_2_09","F",3417,"MR","late","2_09"
"MR_late_2_09","IV",7,"MR","late","2_09"
"MR_late_2_09","X",1,"MR","late","2_09"
"MR_late_2_10","F",4363,"MR","late","2_10"
"MR_late_2_10","S",13,"MR","late","2_10"
"MR_peak_1_01","F",4172,"MR","peak","1_01"
"MR_peak_1_01","IV",22,"MR","peak","1_01"
"MR_peak_1_01","S",1,"MR","peak","1_01"
"MR_peak_1_01","X",23,"MR","peak","1_01"
"MR_peak_1_02","F",6213,"MR","peak","1_02"
"MR_peak_1_02","S",10,"MR","peak","1_02"
"MR_peak_1_02","X",95,"MR","peak","1_02"
"MR_peak_1_03","F",5538,"MR","peak","1_03"
"MR_peak_1_04","F",1984,"MR","peak","1_04"
"MR_peak_1_04","X",73,"MR","peak","1_04"
"MR_peak_1_05","F",933,"MR","peak","1_05"
"MR_peak_1_05","IV",7,"MR","peak","1_05"
"MR_peak_1_06","F",13051,"MR","peak","1_06"
"MR_peak_1_06","X",22,"MR","peak","1_06"
"MR_peak_1_07","F",3917,"MR","peak","1_07"
"MR_peak_1_07","IV",7,"MR","peak","1_07"
"MR_peak_1_07","X",40,"MR","peak","1_07"
"MR_peak_1_08","F",2409,"MR","peak","1_08"
"MR_peak_1_09","F",5409,"MR","peak","1_09"
"MR_peak_1_10","F",4135,"MR","peak","1_10"
"MR_peak_1_10","IV",5,"MR","peak","1_10"
"MR_peak_1_10","S",34,"MR","peak","1_10"
"MR_peak_1_10","X",20,"MR","peak","1_10"
"MR_peak_2_01","F",3810,"MR","peak","2_01"
"MR_peak_2_01","S",22,"MR","peak","2_01"
"MR_peak_2_02","F",2511,"MR","peak","2_02"
"MR_peak_2_02","S",5,"MR","peak","2_02"
"MR_peak_2_02","X",66,"MR","peak","2_02"
"MR_peak_2_03","F",5045,"MR","peak","2_03"
"MR_peak_2_03","S",12,"MR","peak","2_03"
"MR_peak_2_04","F",12026,"MR","peak","2_04"
"MR_peak_2_04","S",36,"MR","peak","2_04"
"MR_peak_2_04","X",89,"MR","peak","2_04"
"MR_peak_2_05","F",4948,"MR","peak","2_05"
"MR_peak_2_05","IV",7,"MR","peak","2_05"
"MR_peak_2_05","S",60,"MR","peak","2_05"
"MR_peak_2_06","F",2782,"MR","peak","2_06"
"MR_peak_2_07","F",3309,"MR","peak","2_07"
"MR_peak_2_07","X",26,"MR","peak","2_07"
"MR_peak_2_08","F",6603,"MR","peak","2_08"
"MR_peak_2_08","X",1,"MR","peak","2_08"
"MR_peak_2_09","F",6934,"MR","peak","2_09"
"MR_peak_2_10","F",11882,"MR","peak","2_10"
"MR_peak_2_10","IV",5,"MR","peak","2_10"
"MR_peak_2_10","X",31,"MR","peak","2_10"
"FH_late_1_01","F",12382,"FH","late","1_01"
"FH_late_1_01","IV",28,"FH","late","1_01"
"FH_late_1_01","X",44,"FH","late","1_01"
"FH_late_1_02","F",5894,"FH","late","1_02"
"FH_late_1_03","F",6432,"FH","late","1_03"
"FH_late_1_03","X",38,"FH","late","1_03"
"FH_late_1_04","F",7220,"FH","late","1_04"
"FH_late_1_05","F",6870,"FH","late","1_05"
"FH_late_1_06","F",11398,"FH","late","1_06"
"FH_late_1_07","F",9786,"FH","late","1_07"
"FH_late_1_08","F",18586,"FH","late","1_08"
"FH_late_1_08","S",56,"FH","late","1_08"
"FH_late_1_09","F",18546,"FH","late","1_09"
"FH_late_1_09","X",48,"FH","late","1_09"
"FH_late_1_10","F",9858,"FH","late","1_10"
"FH_late_1_10","S",4,"FH","late","1_10"
"FH_late_2_01","F",15494,"FH","late","2_01"
"FH_late_2_01","S",94,"FH","late","2_01"
"FH_late_2_02","F",13784,"FH","late","2_02"
"FH_late_2_03","F",2066,"FH","late","2_03"
"FH_late_2_03","X",132,"FH","late","2_03"
"FH_late_2_04","F",18162,"FH","late","2_04"
"FH_late_2_04","IV",30,"FH","late","2_04"
"FH_late_2_05","F",16188,"FH","late","2_05"
"FH_late_2_05","X",694,"FH","late","2_05"
"FH_late_2_06","F",14082,"FH","late","2_06"
"FH_late_2_06","X",54,"FH","late","2_06"
"FH_late_2_07","F",21890,"FH","late","2_07"
"FH_late_2_07","S",52,"FH","late","2_07"
"FH_late_2_08","F",4388,"FH","late","2_08"
"FH_late_2_08","S",16,"FH","late","2_08"
"FH_late_2_08","X",48,"FH","late","2_08"
"FH_late_2_09","F",11964,"FH","late","2_09"
"FH_late_2_09","IV",24,"FH","late","2_09"
"FH_late_2_10","F",15526,"FH","late","2_10"
"FH_late_2_10","IV",8,"FH","late","2_10"
"FH_late_2_10","S",174,"FH","late","2_10"
"FH_peak_1_01","F",26370,"FH","peak","1_01"
"FH_peak_1_02","F",17858,"FH","peak","1_02"
"FH_peak_1_02","S",12,"FH","peak","1_02"
"FH_peak_1_03","F",23878,"FH","peak","1_03"
"FH_peak_1_04","F",18680,"FH","peak","1_04"
"FH_peak_1_05","F",21944,"FH","peak","1_05"
"FH_peak_1_06","F",27524,"FH","peak","1_06"
"FH_peak_1_07","F",16540,"FH","peak","1_07"
"FH_peak_1_08","F",7604,"FH","peak","1_08"
"FH_peak_1_09","F",902,"FH","peak","1_09"
"FH_peak_1_10","F",48,"FH","peak","1_10"
"FH_peak_1_10","IV",40,"FH","peak","1_10"
"FH_peak_1_10","S",166,"FH","peak","1_10"
"FH_peak_1_10","X",260,"FH","peak","1_10"
"FH_peak_2_01","F",5682,"FH","peak","2_01"
"FH_peak_2_01","X",58,"FH","peak","2_01"
"FH_peak_2_02","F",20060,"FH","peak","2_02"
"FH_peak_2_03","F",9702,"FH","peak","2_03"
"FH_peak_2_03","X",90,"FH","peak","2_03"
"FH_peak_2_04","F",21508,"FH","peak","2_04"
"FH_peak_2_04","S",64,"FH","peak","2_04"
"FH_peak_2_04","X",188,"FH","peak","2_04"
"FH_peak_2_05","F",11660,"FH","peak","2_05"
"FH_peak_2_05","S",40,"FH","peak","2_05"
"FH_peak_2_05","X",132,"FH","peak","2_05"
"FH_peak_2_06","F",14320,"FH","peak","2_06"
"FH_peak_2_06","S",108,"FH","peak","2_06"
"FH_peak_2_07","F",19940,"FH","peak","2_07"
"FH_peak_2_07","IV",38,"FH","peak","2_07"
"FH_peak_2_07","X",40,"FH","peak","2_07"
"FH_peak_2_08","F",21948,"FH","peak","2_08"
"FH_peak_2_08","IV",14,"FH","peak","2_08"
"FH_peak_2_08","S",114,"FH","peak","2_08"
"FH_peak_2_09","F",29826,"FH","peak","2_09"
"FH_peak_2_09","IV",2,"FH","peak","2_09"
"FH_peak_2_09","S",40,"FH","peak","2_09"
"FH_peak_2_09","X",38,"FH","peak","2_09"
"FH_peak_2_10","F",19394,"FH","peak","2_10"
"FH_peak_2_10","IV",24,"FH","peak","2_10"
"FH_peak_2_10","X",524,"FH","peak","2_10"
"MD_early_1_01","F",32552,"MD","early","1_01"
"MD_early_1_01","S",52,"MD","early","1_01"
"MD_early_1_01","X",48,"MD","early","1_01"
"MD_early_1_02","A_hudsonica",8,"MD","early","1_02"
"MD_early_1_02","S",20772,"MD","early","1_02"
"MD_early_1_03","IV",20,"MD","early","1_03"
"MD_early_1_03","S",15220,"MD","early","1_03"
"MD_early_1_04","F",33136,"MD","early","1_04"
"MD_early_1_04","S",44,"MD","early","1_04"
"MD_early_1_05","F",39164,"MD","early","1_05"
"MD_early_1_05","S",188,"MD","early","1_05"
"MD_early_1_06","F",29890,"MD","early","1_06"
"MD_early_1_07","F",20612,"MD","early","1_07"
"MD_early_1_07","IV",14,"MD","early","1_07"
"MD_early_1_07","S",104,"MD","early","1_07"
"MD_early_1_08","F",13324,"MD","early","1_08"
"MD_early_1_08","S",24,"MD","early","1_08"
"MD_early_1_09","F",64,"MD","early","1_09"
"MD_early_1_09","IV",6,"MD","early","1_09"
"MD_early_1_09","S",14912,"MD","early","1_09"
"MD_early_1_10","F",10026,"MD","early","1_10"
"MD_early_1_10","IV",70,"MD","early","1_10"
"MD_early_1_10","S",22,"MD","early","1_10"
"MD_early_2_01","F",17992,"MD","early","2_01"
"MD_early_2_01","S",62,"MD","early","2_01"
"MD_early_2_01","X",192,"MD","early","2_01"
"MD_early_2_02","F",15672,"MD","early","2_02"
"MD_early_2_03","F",21414,"MD","early","2_03"
"MD_early_2_03","X",38,"MD","early","2_03"
"MD_early_2_04","F",18478,"MD","early","2_04"
"MD_early_2_04","S",22,"MD","early","2_04"
"MD_early_2_04","X",56,"MD","early","2_04"
"MD_early_2_05","F",19768,"MD","early","2_05"
"MD_early_2_05","S",26,"MD","early","2_05"
"MD_early_2_06","F",26368,"MD","early","2_06"
"MD_early_2_06","S",62,"MD","early","2_06"
"MD_early_2_07","F",18338,"MD","early","2_07"
"MD_early_2_07","X",40,"MD","early","2_07"
"MD_early_2_08","F",17010,"MD","early","2_08"
"MD_early_2_09","F",23984,"MD","early","2_09"
"MD_early_2_09","S",20,"MD","early","2_09"
"MD_early_2_10","F",61404,"MD","early","2_10"
"MD_late_1_01","F",14,"MD","late","1_01"
"MD_late_1_01","IV",2,"MD","late","1_01"
"MD_late_1_01","S",42724,"MD","late","1_01"
"MD_late_1_02","IV",14,"MD","late","1_02"
"MD_late_1_02","S",27004,"MD","late","1_02"
"MD_late_1_03","F",19030,"MD","late","1_03"
"MD_late_1_03","X",122,"MD","late","1_03"
"MD_late_1_04","IV",70,"MD","late","1_04"
"MD_late_1_04","S",26346,"MD","late","1_04"
"MD_late_1_04","X",160,"MD","late","1_04"
"MD_late_1_05","F",64,"MD","late","1_05"
"MD_late_1_05","IV",10,"MD","late","1_05"
"MD_late_1_05","S",20404,"MD","late","1_05"
"MD_late_1_06","F",6,"MD","late","1_06"
"MD_late_1_06","S",30532,"MD","late","1_06"
"MD_late_1_06","X",286,"MD","late","1_06"
"MD_late_1_07","F",16,"MD","late","1_07"
"MD_late_1_07","IV",14,"MD","late","1_07"
"MD_late_1_07","S",31500,"MD","late","1_07"
"MD_late_1_07","X",56,"MD","late","1_07"
"MD_late_1_08","F",150,"MD","late","1_08"
"MD_late_1_08","IV",20,"MD","late","1_08"
"MD_late_1_08","S",14024,"MD","late","1_08"
"MD_late_1_08","X",168,"MD","late","1_08"
"MD_late_1_09","F",70,"MD","late","1_09"
"MD_late_1_09","S",76896,"MD","late","1_09"
"MD_late_1_10","F",36518,"MD","late","1_10"
"MD_late_1_10","S",20,"MD","late","1_10"
"MD_late_1_10","X",212,"MD","late","1_10"
"MD_late_2_01","IV",10,"MD","late","2_01"
"MD_late_2_01","S",62260,"MD","late","2_01"
"MD_late_2_01","X",56,"MD","late","2_01"
"MD_late_2_02","F",85910,"MD","late","2_02"
"MD_late_2_03","F",16,"MD","late","2_03"
"MD_late_2_03","S",50674,"MD","late","2_03"
"MD_late_2_03","X",56,"MD","late","2_03"
"MD_late_2_04","F",32416,"MD","late","2_04"
"MD_late_2_05","F",18,"MD","late","2_05"
"MD_late_2_05","S",84684,"MD","late","2_05"
"MD_late_2_05","X",96,"MD","late","2_05"
"MD_late_2_06","F",26208,"MD","late","2_06"
"MD_late_2_06","X",76,"MD","late","2_06"
"MD_late_2_07","S",53582,"MD","late","2_07"
"MD_late_2_08","F",14160,"MD","late","2_08"
"MD_late_2_08","S",54,"MD","late","2_08"
"MD_late_2_09","F",19954,"MD","late","2_09"
"MD_late_2_09","X",42,"MD","late","2_09"
"MD_late_2_10","F",38486,"MD","late","2_10"
"MD_late_2_10","X",224,"MD","late","2_10"
"MD_peak_1_01","F",58,"MD","peak","1_01"
"MD_peak_1_01","S",24106,"MD","peak","1_01"
"MD_peak_1_02","F",22,"MD","peak","1_02"
"MD_peak_1_02","IV",2,"MD","peak","1_02"
"MD_peak_1_02","S",8442,"MD","peak","1_02"
"MD_peak_1_03","F",18,"MD","peak","1_03"
"MD_peak_1_03","S",24258,"MD","peak","1_03"
"MD_peak_1_04","A_hudsonica",8,"MD","peak","1_04"
"MD_peak_1_04","S",21396,"MD","peak","1_04"
"MD_peak_1_05","F",52,"MD","peak","1_05"
"MD_peak_1_05","S",19376,"MD","peak","1_05"
"MD_peak_1_06","S",18834,"MD","peak","1_06"
"MD_peak_1_07","F",4,"MD","peak","1_07"
"MD_peak_1_07","S",19930,"MD","peak","1_07"
"MD_peak_1_08","F",26,"MD","peak","1_08"
"MD_peak_1_08","S",39236,"MD","peak","1_08"
"MD_peak_1_09","F",406,"MD","peak","1_09"
"MD_peak_1_09","S",21974,"MD","peak","1_09"
"MD_peak_1_09","X",40,"MD","peak","1_09"
"MD_peak_1_10","F",102,"MD","peak","1_10"
"MD_peak_1_10","IV",12,"MD","peak","1_10"
"MD_peak_1_10","S",90572,"MD","peak","1_10"
"MD_peak_2_01","F",38,"MD","peak","2_01"
"MD_peak_2_01","S",10240,"MD","peak","2_01"
"MD_peak_2_02","F",444,"MD","peak","2_02"
"MD_peak_2_02","S",21400,"MD","peak","2_02"
"MD_peak_2_03","F",6,"MD","peak","2_03"
"MD_peak_2_03","S",70272,"MD","peak","2_03"
"MD_peak_2_04","F",72,"MD","peak","2_04"
"MD_peak_2_04","S",43946,"MD","peak","2_04"
"MD_peak_2_05","S",87640,"MD","peak","2_05"
"MD_peak_2_05","X",220,"MD","peak","2_05"
"MD_peak_2_06","F",148,"MD","peak","2_06"
"MD_peak_2_06","S",58214,"MD","peak","2_06"
"MD_peak_2_07","F",32,"MD","peak","2_07"
"MD_peak_2_07","S",52550,"MD","peak","2_07"
"MD_peak_2_08","S",19588,"MD","peak","2_08"
"MD_peak_2_09","F",20,"MD","peak","2_09"
"MD_peak_2_09","S",52652,"MD","peak","2_09"
"MD_peak_2_10","F",140,"MD","peak","2_10"
"MD_peak_2_10","S",29926,"MD","peak","2_10"
"MD_peak_2_10","X",120,"MD","peak","2_10"
"GW_early_1_01","F",34010,"GW","early","1_01"
"GW_early_1_02","F",13396,"GW","early","1_02"
"GW_early_1_03","F",14038,"GW","early","1_03"
"GW_early_1_03","IV",50,"GW","early","1_03"
"GW_early_1_03","S",26,"GW","early","1_03"
"GW_early_1_03","X",46,"GW","early","1_03"
"GW_early_1_04","F",48,"GW","early","1_04"
"GW_early_1_04","S",28898,"GW","early","1_04"
"GW_early_1_05","F",30542,"GW","early","1_05"
"GW_early_1_06","F",15598,"GW","early","1_06"
"GW_early_1_06","S",52,"GW","early","1_06"
"GW_early_1_07","F",30272,"GW","early","1_07"
"GW_early_1_08","F",50288,"GW","early","1_08"
"GW_early_1_08","S",126,"GW","early","1_08"
"GW_early_1_08","X",100,"GW","early","1_08"
"GW_early_1_09","F",18664,"GW","early","1_09"
"GW_early_1_09","X",76,"GW","early","1_09"
"GW_early_1_10","F",32742,"GW","early","1_10"
"GW_early_1_10","IV",14,"GW","early","1_10"
"GW_early_1_10","S",76,"GW","early","1_10"
"GW_early_1_10","X",198,"GW","early","1_10"
"GW_early_2_01","A_hudsonica",12,"GW","early","2_01"
"GW_early_2_01","F",26962,"GW","early","2_01"
"GW_early_2_01","S",46,"GW","early","2_01"
"GW_early_2_01","X",112,"GW","early","2_01"
"GW_early_2_02","F",20278,"GW","early","2_02"
"GW_early_2_02","S",10,"GW","early","2_02"
"GW_early_2_02","X",24,"GW","early","2_02"
"GW_early_2_03","F",32516,"GW","early","2_03"
"GW_early_2_03","IV",20,"GW","early","2_03"
"GW_early_2_04","F",20432,"GW","early","2_04"
"GW_early_2_05","F",16392,"GW","early","2_05"
"GW_early_2_05","X",90,"GW","early","2_05"
"GW_early_2_06","F",40974,"GW","early","2_06"
"GW_early_2_07","F",40532,"GW","early","2_07"
"GW_early_2_08","F",60876,"GW","early","2_08"
"GW_early_2_09","F",52686,"GW","early","2_09"
"GW_early_2_09","S",400,"GW","early","2_09"
"GW_early_2_09","X",54,"GW","early","2_09"
"GW_early_2_10","F",17920,"GW","early","2_10"
"GW_early_2_10","S",240,"GW","early","2_10"
"GW_early_2_10","X",58,"GW","early","2_10"
"GW_late_1_01","F",14676,"GW","late","1_01"
"GW_late_1_01","X",40,"GW","late","1_01"
"GW_late_1_02","IV",60,"GW","late","1_02"
"GW_late_1_02","S",3844,"GW","late","1_02"
"GW_late_1_02","X",56,"GW","late","1_02"
"GW_late_1_03","F",25646,"GW","late","1_03"
"GW_late_1_04","F",49440,"GW","late","1_04"
"GW_late_1_05","F",15202,"GW","late","1_05"
"GW_late_1_06","F",32546,"GW","late","1_06"
"GW_late_1_06","S",214,"GW","late","1_06"
"GW_late_1_07","F",19934,"GW","late","1_07"
"GW_late_1_08","F",10,"GW","late","1_08"
"GW_late_1_08","S",32584,"GW","late","1_08"
"GW_late_1_08","X",100,"GW","late","1_08"
"GW_late_1_09","A_hudsonica",18,"GW","late","1_09"
"GW_late_1_09","IV",28,"GW","late","1_09"
"GW_late_1_09","S",13166,"GW","late","1_09"
"GW_late_1_09","X",2,"GW","late","1_09"
"GW_late_1_10","A_hudsonica",4,"GW","late","1_10"
"GW_late_1_10","S",47582,"GW","late","1_10"
"GW_late_2_01","F",31226,"GW","late","2_01"
"GW_late_2_01","IV",42,"GW","late","2_01"
"GW_late_2_02","F",12,"GW","late","2_02"
"GW_late_2_02","S",31618,"GW","late","2_02"
"GW_late_2_02","X",6,"GW","late","2_02"
"GW_late_2_03","A_hudsonica",6,"GW","late","2_03"
"GW_late_2_03","F",18108,"GW","late","2_03"
"GW_late_2_04","A_hudsonica",6,"GW","late","2_04"
"GW_late_2_04","F",33838,"GW","late","2_04"
"GW_late_2_04","IV",98,"GW","late","2_04"
"GW_late_2_04","S",130,"GW","late","2_04"
"GW_late_2_04","X",320,"GW","late","2_04"
"GW_late_2_05","F",28992,"GW","late","2_05"
"GW_late_2_05","X",114,"GW","late","2_05"
"GW_late_2_06","F",35948,"GW","late","2_06"
"GW_late_2_06","S",112,"GW","late","2_06"
"GW_late_2_06","X",94,"GW","late","2_06"
"GW_late_2_07","F",25314,"GW","late","2_07"
"GW_late_2_07","IV",30,"GW","late","2_07"
"GW_late_2_08","F",32616,"GW","late","2_08"
"GW_late_2_08","S",22,"GW","late","2_08"
"GW_late_2_09","F",88,"GW","late","2_09"
"GW_late_2_09","S",16868,"GW","late","2_09"
"GW_late_2_09","X",58,"GW","late","2_09"
"GW_late_2_10","F",21246,"GW","late","2_10"
"GW_late_2_10","X",606,"GW","late","2_10"
"GW_peak_1_01","F",28122,"GW","peak","1_01"
"GW_peak_1_01","S",16,"GW","peak","1_01"
"GW_peak_1_02","F",18758,"GW","peak","1_02"
"GW_peak_1_02","IV",20,"GW","peak","1_02"
"GW_peak_1_02","S",52,"GW","peak","1_02"
"GW_peak_1_03","F",31296,"GW","peak","1_03"
"GW_peak_1_03","S",60,"GW","peak","1_03"
"GW_peak_1_04","F",15452,"GW","peak","1_04"
"GW_peak_1_05","F",37910,"GW","peak","1_05"
"GW_peak_1_05","X",224,"GW","peak","1_05"
"GW_peak_1_06","F",11420,"GW","peak","1_06"
"GW_peak_1_07","F",7114,"GW","peak","1_07"
"GW_peak_1_07","S",36,"GW","peak","1_07"
"GW_peak_1_08","F",46562,"GW","peak","1_08"
"GW_peak_1_08","S",72,"GW","peak","1_08"
"GW_peak_1_09","F",30482,"GW","peak","1_09"
"GW_peak_1_09","S",26,"GW","peak","1_09"
"GW_peak_1_10","F",13678,"GW","peak","1_10"
"GW_peak_1_10","S",186,"GW","peak","1_10"
"GW_peak_1_10","X",36,"GW","peak","1_10"
"GW_peak_2_01","F",20782,"GW","peak","2_01"
"GW_peak_2_01","IV",56,"GW","peak","2_01"
"GW_peak_2_01","X",112,"GW","peak","2_01"
"GW_peak_2_02","F",58610,"GW","peak","2_02"
"GW_peak_2_02","S",34,"GW","peak","2_02"
"GW_peak_2_02","X",220,"GW","peak","2_02"
"GW_peak_2_03","F",15742,"GW","peak","2_03"
"GW_peak_2_03","S",26,"GW","peak","2_03"
"GW_peak_2_03","X",240,"GW","peak","2_03"
"GW_peak_2_04","F",37516,"GW","peak","2_04"
"GW_peak_2_04","X",378,"GW","peak","2_04"
"GW_peak_2_05","F",27494,"GW","peak","2_05"
"GW_peak_2_06","F",48254,"GW","peak","2_06"
"GW_peak_2_06","X",86,"GW","peak","2_06"
"GW_peak_2_07","F",42976,"GW","peak","2_07"
"GW_peak_2_07","S",26,"GW","peak","2_07"
"GW_peak_2_08","F",49946,"GW","peak","2_08"
"GW_peak_2_08","X",2,"GW","peak","2_08"
"GW_peak_2_09","F",50350,"GW","peak","2_09"
"GW_peak_2_09","X",90,"GW","peak","2_09"
"GW_peak_2_10","F",49624,"GW","peak","2_10"
"GW_peak_2_10","S",52,"GW","peak","2_10"
"GW_peak_2_10","X",56,"GW","peak","2_10"
"CT_early_1_01","IV",12,"CT","early","1_01"
"CT_early_1_01","X",90,"CT","early","1_01"
"CT_early_1_02","F",30,"CT","early","1_02"
"CT_early_1_02","IV",3962,"CT","early","1_02"
"CT_early_1_02","S",28844,"CT","early","1_02"
"CT_early_1_02","X",50,"CT","early","1_02"
"CT_early_1_03","IV",7254,"CT","early","1_03"
"CT_early_1_04","F",12,"CT","early","1_04"
"CT_early_1_04","IV",20,"CT","early","1_04"
"CT_early_1_04","X",43190,"CT","early","1_04"
"CT_early_1_05","IV",13188,"CT","early","1_05"
"CT_early_1_05","S",36,"CT","early","1_05"
"CT_early_1_06","F",17084,"CT","early","1_06"
"CT_early_1_06","X",50,"CT","early","1_06"
"CT_early_1_07","X",61270,"CT","early","1_07"
"CT_early_1_08","X",139932,"CT","early","1_08"
"CT_early_1_09","F",54216,"CT","early","1_09"
"CT_early_1_09","S",78,"CT","early","1_09"
"CT_early_1_10","F",144,"CT","early","1_10"
"CT_early_1_10","X",24034,"CT","early","1_10"
"CT_early_2_01","F",384,"CT","early","2_01"
"CT_early_2_01","S",32,"CT","early","2_01"
"CT_early_2_01","X",49728,"CT","early","2_01"
"CT_early_2_02","F",48,"CT","early","2_02"
"CT_early_2_02","S",8,"CT","early","2_02"
"CT_early_2_02","X",42280,"CT","early","2_02"
"CT_early_2_03","A_hudsonica",4300,"CT","early","2_03"
"CT_early_2_03","F",170,"CT","early","2_03"
"CT_early_2_04","F",11350,"CT","early","2_04"
"CT_early_2_04","X",184,"CT","early","2_04"
"CT_early_2_05","F",254,"CT","early","2_05"
"CT_early_2_05","IV",20,"CT","early","2_05"
"CT_early_2_05","S",26518,"CT","early","2_05"
"CT_early_2_05","X",424,"CT","early","2_05"
"CT_early_2_06","F",132,"CT","early","2_06"
"CT_early_2_06","X",11354,"CT","early","2_06"
"CT_early_2_07","F",10,"CT","early","2_07"
"CT_early_2_07","S",50794,"CT","early","2_07"
"CT_early_2_08","F",164,"CT","early","2_08"
"CT_early_2_08","S",43938,"CT","early","2_08"
"CT_early_2_09","F",30088,"CT","early","2_09"
"CT_early_2_09","X",112,"CT","early","2_09"
"CT_early_2_10","F",36450,"CT","early","2_10"
"CT_early_2_10","S",14,"CT","early","2_10"
"CT_early_2_10","X",200,"CT","early","2_10"
"CT_late_1_01","F",6,"CT","late","1_01"
"CT_late_1_01","IV",11434,"CT","late","1_01"
"CT_late_1_01","X",46,"CT","late","1_01"
"CT_late_1_02","F",6,"CT","late","1_02"
"CT_late_1_02","IV",9078,"CT","late","1_02"
"CT_late_1_03","F",72,"CT","late","1_03"
"CT_late_1_03","IV",12018,"CT","late","1_03"
"CT_late_1_04","IV",84,"CT","late","1_04"
"CT_late_1_04","S",23534,"CT","late","1_04"
"CT_late_1_05","A_hudsonica",6,"CT","late","1_05"
"CT_late_1_05","IV",4468,"CT","late","1_05"
"CT_late_1_06","F",12,"CT","late","1_06"
"CT_late_1_06","IV",7452,"CT","late","1_06"
"CT_late_1_06","X",270,"CT","late","1_06"
"CT_late_1_07","IV",7494,"CT","late","1_07"
"CT_late_1_08","F",12,"CT","late","1_08"
"CT_late_1_08","IV",16886,"CT","late","1_08"
"CT_late_1_08","X",66,"CT","late","1_08"
"CT_late_1_09","F",410,"CT","late","1_09"
"CT_late_1_09","S",7028,"CT","late","1_09"
"CT_late_1_09","X",40,"CT","late","1_09"
"CT_late_1_10","F",22,"CT","late","1_10"
"CT_late_1_10","IV",4950,"CT","late","1_10"
"CT_late_1_10","S",30,"CT","late","1_10"
"CT_late_1_10","X",56,"CT","late","1_10"
"CT_late_2_01","IV",2270,"CT","late","2_01"
"CT_late_2_01","S",192,"CT","late","2_01"
"CT_late_2_02","F",32,"CT","late","2_02"
"CT_late_2_02","IV",8292,"CT","late","2_02"
"CT_late_2_02","X",392,"CT","late","2_02"
"CT_late_2_03","F",24,"CT","late","2_03"
"CT_late_2_03","IV",11278,"CT","late","2_03"
"CT_late_2_03","S",64,"CT","late","2_03"
"CT_late_2_03","X",56,"CT","late","2_03"
"CT_late_2_04","F",8,"CT","late","2_04"
"CT_late_2_04","IV",4852,"CT","late","2_04"
"CT_late_2_04","S",44,"CT","late","2_04"
"CT_late_2_05","F",566,"CT","late","2_05"
"CT_late_2_05","IV",6870,"CT","late","2_05"
"CT_late_2_05","S",52,"CT","late","2_05"
"CT_late_2_05","X",234,"CT","late","2_05"
"CT_late_2_06","F",86,"CT","late","2_06"
"CT_late_2_06","IV",10244,"CT","late","2_06"
"CT_late_2_06","X",36,"CT","late","2_06"
"CT_late_2_07","S",11846,"CT","late","2_07"
"CT_late_2_08","IV",12378,"CT","late","2_08"
"CT_late_2_08","S",8,"CT","late","2_08"
"CT_late_2_08","X",40,"CT","late","2_08"
"CT_late_2_09","F",82,"CT","late","2_09"
"CT_late_2_09","IV",4562,"CT","late","2_09"
"CT_late_2_09","X",2,"CT","late","2_09"
"CT_late_2_10","F",74,"CT","late","2_10"
"CT_late_2_10","IV",8722,"CT","late","2_10"
"CT_late_2_10","S",40,"CT","late","2_10"
"CT_late_2_10","X",76,"CT","late","2_10"
"CT_peak_1_01","S",39582,"CT","peak","1_01"
"CT_peak_1_02","S",28706,"CT","peak","1_02"
"CT_peak_1_03","F",14,"CT","peak","1_03"
"CT_peak_1_03","S",44086,"CT","peak","1_03"
"CT_peak_1_03","X",32,"CT","peak","1_03"
"CT_peak_1_05","F",40,"CT","peak","1_05"
"CT_peak_1_05","S",14670,"CT","peak","1_05"
"CT_peak_1_06","S",30110,"CT","peak","1_06"
"CT_peak_1_06","X",96,"CT","peak","1_06"
"CT_peak_1_07","F",10,"CT","peak","1_07"
"CT_peak_1_07","S",26170,"CT","peak","1_07"
"CT_peak_1_07","X",134,"CT","peak","1_07"
"CT_peak_1_08","F",86,"CT","peak","1_08"
"CT_peak_1_08","IV",84,"CT","peak","1_08"
"CT_peak_1_08","X",9038,"CT","peak","1_08"
"CT_peak_1_09","F",62,"CT","peak","1_09"
"CT_peak_1_09","S",33390,"CT","peak","1_09"
"CT_peak_1_09","X",124,"CT","peak","1_09"
"CT_peak_1_10","F",122,"CT","peak","1_10"
"CT_peak_1_10","IV",14,"CT","peak","1_10"
"CT_peak_1_10","S",50946,"CT","peak","1_10"
"CT_peak_1_10","X",112,"CT","peak","1_10"
"CT_peak_2_01","F",8,"CT","peak","2_01"
"CT_peak_2_01","S",77912,"CT","peak","2_01"
"CT_peak_2_02","F",360,"CT","peak","2_02"
"CT_peak_2_02","S",13108,"CT","peak","2_02"
"CT_peak_2_02","X",584,"CT","peak","2_02"
"CT_peak_2_03","F",458,"CT","peak","2_03"
"CT_peak_2_03","S",43216,"CT","peak","2_03"
"CT_peak_2_04","F",248,"CT","peak","2_04"
"CT_peak_2_04","S",64604,"CT","peak","2_04"
"CT_peak_2_04","X",112,"CT","peak","2_04"
"CT_peak_2_05","IV",98,"CT","peak","2_05"
"CT_peak_2_05","S",9648,"CT","peak","2_05"
"CT_peak_2_06","F",920,"CT","peak","2_06"
"CT_peak_2_06","S",37164,"CT","peak","2_06"
"CT_peak_2_06","X",114,"CT","peak","2_06"
"CT_peak_2_07","IV",56,"CT","peak","2_07"
"CT_peak_2_07","S",25392,"CT","peak","2_07"
"CT_peak_2_08","X",16482,"CT","peak","2_08"
"CT_peak_2_09","X",80668,"CT","peak","2_09"
"CT_peak_2_10","F",26,"CT","peak","2_10"
"CT_peak_2_10","S",26,"CT","peak","2_10"
"CT_peak_2_10","X",17970,"CT","peak","2_10"
"ME_early_1_01","X",5460,"ME","early","1_01"
"ME_early_1_02","IV",14,"ME","early","1_02"
"ME_early_1_02","X",23742,"ME","early","1_02"
"ME_early_1_03","X",63534,"ME","early","1_03"
"ME_early_1_04","F",12,"ME","early","1_04"
"ME_early_1_04","IV",16698,"ME","early","1_04"
"ME_early_1_05","F",60,"ME","early","1_05"
"ME_early_1_05","X",58850,"ME","early","1_05"
"ME_early_1_06","F",182,"ME","early","1_06"
"ME_early_1_06","X",42496,"ME","early","1_06"
"ME_early_1_07","IV",28,"ME","early","1_07"
"ME_early_1_07","X",35544,"ME","early","1_07"
"ME_early_1_08","A_hudsonica",4,"ME","early","1_08"
"ME_early_1_08","IV",9152,"ME","early","1_08"
"ME_early_1_08","X",40,"ME","early","1_08"
"ME_early_1_09","F",1678,"ME","early","1_09"
"ME_early_1_10","F",22,"ME","early","1_10"
"ME_early_2_01","X",35470,"ME","early","2_01"
"ME_early_2_03","X",2414,"ME","early","2_03"
"ME_early_2_05","F",26,"ME","early","2_05"
"ME_early_2_05","X",21292,"ME","early","2_05"
"ME_early_2_06","F",6,"ME","early","2_06"
"ME_early_2_07","F",4,"ME","early","2_07"
"ME_early_2_07","S",72,"ME","early","2_07"
"ME_early_2_07","X",90,"ME","early","2_07"
"ME_early_2_08","X",56770,"ME","early","2_08"
"ME_early_2_10","S",50536,"ME","early","2_10"
"ME_early_2_10","X",112,"ME","early","2_10"
"ME_late_1_01","A_hudsonica",3,"ME","late","1_01"
"ME_late_1_01","IV",2815,"ME","late","1_01"
"ME_late_1_01","X",144,"ME","late","1_01"
"ME_late_1_02","A_hudsonica",2336,"ME","late","1_02"
"ME_late_1_02","X",20,"ME","late","1_02"
"ME_late_1_03","A_hudsonica",1028,"ME","late","1_03"
"ME_late_1_03","IV",9,"ME","late","1_03"
"ME_late_1_04","A_hudsonica",643,"ME","late","1_04"
"ME_late_1_04","IV",8,"ME","late","1_04"
"ME_late_1_05","A_hudsonica",1842,"ME","late","1_05"
"ME_late_1_05","X",47,"ME","late","1_05"
"ME_late_1_06","A_hudsonica",1002,"ME","late","1_06"
"ME_late_1_07","A_hudsonica",1369,"ME","late","1_07"
"ME_late_1_07","F",26,"ME","late","1_07"
"ME_late_1_08","A_hudsonica",1045,"ME","late","1_08"
"ME_late_1_09","A_hudsonica",4555,"ME","late","1_09"
"ME_late_1_09","IV",5,"ME","late","1_09"
"ME_late_1_09","S",100,"ME","late","1_09"
"ME_late_1_10","A_hudsonica",2403,"ME","late","1_10"
"ME_late_2_01","IV",7748,"ME","late","2_01"
"ME_late_2_01","S",114,"ME","late","2_01"
"ME_late_2_02","F",134,"ME","late","2_02"
"ME_late_2_02","X",6983,"ME","late","2_02"
"ME_late_2_03","F",50,"ME","late","2_03"
"ME_late_2_03","IV",1876,"ME","late","2_03"
"ME_late_2_03","X",20,"ME","late","2_03"
"ME_late_2_04","IV",9121,"ME","late","2_04"
"ME_late_2_04","X",1,"ME","late","2_04"
"ME_late_2_05","A_hudsonica",4,"ME","late","2_05"
"ME_late_2_05","F",19,"ME","late","2_05"
"ME_late_2_05","X",20227,"ME","late","2_05"
"ME_late_2_06","F",6,"ME","late","2_06"
"ME_late_2_06","IV",2011,"ME","late","2_06"
"ME_late_2_07","X",25450,"ME","late","2_07"
"ME_peak_1_01","X",5835,"ME","peak","1_01"
"ME_peak_1_02","X",7517,"ME","peak","1_02"
"ME_peak_1_03","S",45,"ME","peak","1_03"
"ME_peak_1_03","X",11550,"ME","peak","1_03"
"ME_peak_1_04","A_hudsonica",1078,"ME","peak","1_04"
"ME_peak_1_04","X",132,"ME","peak","1_04"
"ME_peak_1_05","F",64,"ME","peak","1_05"
"ME_peak_1_05","IV",5,"ME","peak","1_05"
"ME_peak_1_05","X",16714,"ME","peak","1_05"
"ME_peak_1_06","F",12,"ME","peak","1_06"
"ME_peak_1_06","S",2,"ME","peak","1_06"
"ME_peak_1_06","X",4501,"ME","peak","1_06"
"ME_peak_1_07","X",23093,"ME","peak","1_07"
"ME_peak_1_08","F",13,"ME","peak","1_08"
"ME_peak_1_08","S",51,"ME","peak","1_08"
"ME_peak_1_08","X",7195,"ME","peak","1_08"
"ME_peak_1_09","F",119,"ME","peak","1_09"
"ME_peak_1_09","IV",5996,"ME","peak","1_09"
"ME_peak_1_09","S",91,"ME","peak","1_09"
"ME_peak_1_10","F",28,"ME","peak","1_10"
"ME_peak_1_10","S",178,"ME","peak","1_10"
"ME_peak_1_10","X",15470,"ME","peak","1_10"
"ME_peak_2_01","S",334,"ME","peak","2_01"
"ME_peak_2_01","X",38859,"ME","peak","2_01"
"ME_peak_2_02","F",54,"ME","peak","2_02"
"ME_peak_2_02","S",11,"ME","peak","2_02"
"ME_peak_2_02","X",43222,"ME","peak","2_02"
"ME_peak_2_03","F",13,"ME","peak","2_03"
"ME_peak_2_03","S",48,"ME","peak","2_03"
"ME_peak_2_03","X",12779,"ME","peak","2_03"
"ME_peak_2_04","F",92,"ME","peak","2_04"
"ME_peak_2_04","X",65293,"ME","peak","2_04"
"ME_peak_2_05","F",22,"ME","peak","2_05"
"ME_peak_2_05","X",18924,"ME","peak","2_05"
"ME_peak_2_06","F",34,"ME","peak","2_06"
"ME_peak_2_06","X",47248,"ME","peak","2_06"
"ME_peak_2_07","X",39360,"ME","peak","2_07"
"ME_peak_2_08","S",11,"ME","peak","2_08"
"ME_peak_2_09","X",6136,"ME","peak","2_09"
"ME_peak_2_10","X",43,"ME","peak","2_10"
"TK_early_1_01","F",4,"TK","early","1_01"
"TK_early_1_01","IV",35,"TK","early","1_01"
"TK_early_1_01","S",76,"TK","early","1_01"
"TK_early_1_01","X",8148,"TK","early","1_01"
"TK_early_1_02","IV",1752,"TK","early","1_02"
"TK_early_1_02","S",6,"TK","early","1_02"
"TK_early_1_03","F",34,"TK","early","1_03"
"TK_early_1_03","X",23596,"TK","early","1_03"
"TK_early_1_04","A_hudsonica",9,"TK","early","1_04"
"TK_early_1_04","F",40,"TK","early","1_04"
"TK_early_1_04","IV",5,"TK","early","1_04"
"TK_early_1_04","X",37475,"TK","early","1_04"
"TK_early_1_05","F",117,"TK","early","1_05"
"TK_early_1_05","S",11,"TK","early","1_05"
"TK_early_1_05","X",17606,"TK","early","1_05"
"TK_early_1_06","F",18,"TK","early","1_06"
"TK_early_1_06","IV",14,"TK","early","1_06"
"TK_early_1_06","S",45,"TK","early","1_06"
"TK_early_1_06","X",8202,"TK","early","1_06"
"TK_early_1_07","F",107,"TK","early","1_07"
"TK_early_1_07","X",25829,"TK","early","1_07"
"TK_early_1_08","F",8,"TK","early","1_08"
"TK_early_1_08","X",7487,"TK","early","1_08"
"TK_early_1_09","IV",1503,"TK","early","1_09"
"TK_early_1_09","S",12,"TK","early","1_09"
"TK_early_1_10","S",14,"TK","early","1_10"
"TK_early_2_01","X",4847,"TK","early","2_01"
"TK_early_2_02","F",3,"TK","early","2_02"
"TK_early_2_03","X",7414,"TK","early","2_03"
"TK_early_2_04","X",132,"TK","early","2_04"
"TK_early_2_05","F",13,"TK","early","2_05"
"TK_early_2_05","X",15103,"TK","early","2_05"
"TK_early_2_07","F",16,"TK","early","2_07"
"TK_early_2_07","IV",3346,"TK","early","2_07"
"TK_early_2_07","X",210,"TK","early","2_07"
"TK_early_2_09","X",15014,"TK","early","2_09"
"TK_early_2_10","F",7,"TK","early","2_10"
"TK_early_2_10","X",11025,"TK","early","2_10"
"TK_late_1_01","F",4,"TK","late","1_01"
"TK_late_1_01","IV",1834,"TK","late","1_01"
"TK_late_1_01","S",6,"TK","late","1_01"
"TK_late_1_02","IV",3271,"TK","late","1_02"
"TK_late_1_02","X",69,"TK","late","1_02"
"TK_late_1_03","IV",1729,"TK","late","1_03"
"TK_late_1_04","F",14,"TK","late","1_04"
"TK_late_1_04","IV",959,"TK","late","1_04"
"TK_late_1_04","S",65,"TK","late","1_04"
"TK_late_1_05","F",6,"TK","late","1_05"
"TK_late_1_05","IV",1450,"TK","late","1_05"
"TK_late_1_06","IV",938,"TK","late","1_06"
"TK_late_1_07","IV",817,"TK","late","1_07"
"TK_late_1_08","F",28,"TK","late","1_08"
"TK_late_1_08","IV",745,"TK","late","1_08"
"TK_late_1_08","S",3,"TK","late","1_08"
"TK_late_1_08","X",20,"TK","late","1_08"
"TK_late_1_09","F",8,"TK","late","1_09"
"TK_late_1_09","IV",2951,"TK","late","1_09"
"TK_late_1_10","IV",16768,"TK","late","1_10"
"TK_late_1_10","X",23,"TK","late","1_10"
"TK_late_2_01","IV",2424,"TK","late","2_01"
"TK_late_2_02","IV",318,"TK","late","2_02"
"TK_late_2_03","F",6,"TK","late","2_03"
"TK_late_2_03","IV",5526,"TK","late","2_03"
"TK_late_2_04","F",14,"TK","late","2_04"
"TK_late_2_04","IV",5127,"TK","late","2_04"
"TK_late_2_04","S",29,"TK","late","2_04"
"TK_late_2_05","IV",4344,"TK","late","2_05"
"TK_late_2_05","S",27,"TK","late","2_05"
"TK_late_2_06","F",14,"TK","late","2_06"
"TK_late_2_06","IV",5891,"TK","late","2_06"
"TK_late_2_06","S",3,"TK","late","2_06"
"TK_late_2_07","IV",7495,"TK","late","2_07"
"TK_late_2_08","A_hudsonica",1,"TK","late","2_08"
"TK_late_2_08","IV",2323,"TK","late","2_08"
"TK_late_2_09","F",60,"TK","late","2_09"
"TK_late_2_09","IV",4219,"TK","late","2_09"
"TK_late_2_10","F",17,"TK","late","2_10"
"TK_late_2_10","IV",3681,"TK","late","2_10"
"TK_late_2_10","X",43,"TK","late","2_10"
"TK_peak_1_01","F",4,"TK","peak","1_01"
"TK_peak_1_01","IV",26,"TK","peak","1_01"
"TK_peak_1_01","S",48,"TK","peak","1_01"
"TK_peak_1_01","X",8660,"TK","peak","1_01"
"TK_peak_1_02","F",19,"TK","peak","1_02"
"TK_peak_1_02","X",7915,"TK","peak","1_02"
"TK_peak_1_03","F",9,"TK","peak","1_03"
"TK_peak_1_03","X",3769,"TK","peak","1_03"
"TK_peak_1_04","F",8,"TK","peak","1_04"
"TK_peak_1_04","X",14181,"TK","peak","1_04"
"TK_peak_1_05","IV",10,"TK","peak","1_05"
"TK_peak_1_05","X",5600,"TK","peak","1_05"
"TK_peak_1_06","F",19,"TK","peak","1_06"
"TK_peak_1_06","X",12981,"TK","peak","1_06"
"TK_peak_1_07","F",12,"TK","peak","1_07"
"TK_peak_1_07","X",6489,"TK","peak","1_07"
"TK_peak_1_08","F",10,"TK","peak","1_08"
"TK_peak_1_08","X",11597,"TK","peak","1_08"
"TK_peak_1_09","F",14,"TK","peak","1_09"
"TK_peak_1_09","IV",14,"TK","peak","1_09"
"TK_peak_1_09","S",3,"TK","peak","1_09"
"TK_peak_1_09","X",30850,"TK","peak","1_09"
"TK_peak_1_10","F",16,"TK","peak","1_10"
"TK_peak_1_10","IV",5,"TK","peak","1_10"
"TK_peak_1_10","X",12806,"TK","peak","1_10"
"TK_peak_2_01","IV",7,"TK","peak","2_01"
"TK_peak_2_01","X",21539,"TK","peak","2_01"
"TK_peak_2_02","F",32,"TK","peak","2_02"
"TK_peak_2_02","S",16,"TK","peak","2_02"
"TK_peak_2_02","X",9076,"TK","peak","2_02"
"TK_peak_2_03","F",4,"TK","peak","2_03"
"TK_peak_2_03","IV",33,"TK","peak","2_03"
"TK_peak_2_03","X",16474,"TK","peak","2_03"
"TK_peak_2_04","F",8,"TK","peak","2_04"
"TK_peak_2_04","IV",21,"TK","peak","2_04"
"TK_peak_2_04","X",33392,"TK","peak","2_04"
"TK_peak_2_05","F",13,"TK","peak","2_05"
"TK_peak_2_05","X",18211,"TK","peak","2_05"
"TK_peak_2_06","F",54,"TK","peak","2_06"
"TK_peak_2_06","S",12,"TK","peak","2_06"
"TK_peak_2_06","X",24836,"TK","peak","2_06"
"TK_peak_2_07","S",36,"TK","peak","2_07"
"TK_peak_2_07","X",14661,"TK","peak","2_07"
"TK_peak_2_08","IV",2,"TK","peak","2_08"
"TK_peak_2_09","X",11631,"TK","peak","2_09"
"TK_peak_2_10","IV",2146,"TK","peak","2_10"
"TK_peak_2_10","S",79,"TK","peak","2_10"
"RW_early_1_01","F",15,"RW","early","1_01"
"RW_early_1_01","X",23018,"RW","early","1_01"
"RW_early_1_02","S",53,"RW","early","1_02"
"RW_early_1_02","X",4412,"RW","early","1_02"
"RW_early_1_03","S",18,"RW","early","1_03"
"RW_early_1_03","X",10683,"RW","early","1_03"
"RW_early_1_04","F",16,"RW","early","1_04"
"RW_early_1_04","X",20242,"RW","early","1_04"
"RW_early_1_05","IV",7,"RW","early","1_05"
"RW_early_1_05","X",12571,"RW","early","1_05"
"RW_early_1_06","F",5,"RW","early","1_06"
"RW_early_1_06","X",12800,"RW","early","1_06"
"RW_early_1_07","F",183,"RW","early","1_07"
"RW_early_1_07","X",10475,"RW","early","1_07"
"RW_early_1_08","IV",35,"RW","early","1_08"
"RW_early_1_08","S",41,"RW","early","1_08"
"RW_early_1_08","X",18354,"RW","early","1_08"
"RW_early_1_09","S",14,"RW","early","1_09"
"RW_early_1_09","X",17758,"RW","early","1_09"
"RW_early_1_10","A_hudsonica",1,"RW","early","1_10"
"RW_early_1_10","X",5514,"RW","early","1_10"
"RW_early_2_02","X",23311,"RW","early","2_02"
"RW_early_2_04","X",9080,"RW","early","2_04"
"RW_early_2_05","F",6,"RW","early","2_05"
"RW_early_2_06","X",3718,"RW","early","2_06"
"RW_early_2_07","X",15598,"RW","early","2_07"
"RW_early_2_08","X",17643,"RW","early","2_08"
"RW_early_2_09","S",10,"RW","early","2_09"
"RW_early_2_09","X",22,"RW","early","2_09"
"RW_early_2_10","S",3,"RW","early","2_10"
"RW_early_2_10","X",15340,"RW","early","2_10"
"RW_late_1_01","X",12779,"RW","late","1_01"
"RW_late_1_02","X",10520,"RW","late","1_02"
"RW_late_1_03","IV",3777,"RW","late","1_03"
"RW_late_1_03","X",27,"RW","late","1_03"
"RW_late_1_04","F",4,"RW","late","1_04"
"RW_late_1_04","IV",4625,"RW","late","1_04"
"RW_late_1_04","X",136,"RW","late","1_04"
"RW_late_1_05","F",7,"RW","late","1_05"
"RW_late_1_05","IV",5,"RW","late","1_05"
"RW_late_1_05","X",20937,"RW","late","1_05"
"RW_late_1_06","F",14,"RW","late","1_06"
"RW_late_1_06","IV",6069,"RW","late","1_06"
"RW_late_1_07","F",10,"RW","late","1_07"
"RW_late_1_07","S",60,"RW","late","1_07"
"RW_late_1_07","X",9832,"RW","late","1_07"
"RW_late_1_08","S",8,"RW","late","1_08"
"RW_late_1_08","X",12450,"RW","late","1_08"
"RW_late_1_09","F",3,"RW","late","1_09"
"RW_late_1_09","X",12079,"RW","late","1_09"
"RW_late_1_10","F",78,"RW","late","1_10"
"RW_late_1_10","X",13998,"RW","late","1_10"
"RW_late_2_01","IV",28,"RW","late","2_01"
"RW_late_2_01","X",12901,"RW","late","2_01"
"RW_late_2_02","F",26,"RW","late","2_02"
"RW_late_2_02","IV",7,"RW","late","2_02"
"RW_late_2_02","S",12,"RW","late","2_02"
"RW_late_2_02","X",13602,"RW","late","2_02"
"RW_late_2_03","IV",12545,"RW","late","2_03"
"RW_late_2_03","S",35,"RW","late","2_03"
"RW_late_2_03","X",29,"RW","late","2_03"
"RW_late_2_04","F",10,"RW","late","2_04"
"RW_late_2_04","IV",7,"RW","late","2_04"
"RW_late_2_04","S",50,"RW","late","2_04"
"RW_late_2_04","X",18448,"RW","late","2_04"
"RW_late_2_05","F",3,"RW","late","2_05"
"RW_late_2_05","S",18,"RW","late","2_05"
"RW_late_2_05","X",32218,"RW","late","2_05"
"RW_late_2_06","F",9,"RW","late","2_06"
"RW_late_2_06","IV",7,"RW","late","2_06"
"RW_late_2_06","X",14130,"RW","late","2_06"
"RW_late_2_07","F",114,"RW","late","2_07"
"RW_late_2_07","X",35039,"RW","late","2_07"
"RW_late_2_08","F",27,"RW","late","2_08"
"RW_late_2_09","A_hudsonica",5,"RW","late","2_09"
"RW_late_2_09","F",4,"RW","late","2_09"
"RW_late_2_09","IV",14,"RW","late","2_09"
"RW_late_2_09","X",15867,"RW","late","2_09"
"RW_late_2_10","X",32983,"RW","late","2_10"
"RW_peak_1_01","S",52,"RW","peak","1_01"
"RW_peak_1_01","X",9889,"RW","peak","1_01"
"RW_peak_1_02","X",5951,"RW","peak","1_02"
"RW_peak_1_03","X",2764,"RW","peak","1_03"
"RW_peak_1_04","X",13610,"RW","peak","1_04"
"RW_peak_1_05","S",12,"RW","peak","1_05"
"RW_peak_1_05","X",11843,"RW","peak","1_05"
"RW_peak_1_06","F",19,"RW","peak","1_06"
"RW_peak_1_06","X",6509,"RW","peak","1_06"
"RW_peak_1_07","X",5435,"RW","peak","1_07"
"RW_peak_1_08","X",9463,"RW","peak","1_08"
"RW_peak_1_09","X",5883,"RW","peak","1_09"
"RW_peak_1_10","X",26384,"RW","peak","1_10"
"RW_peak_2_01","F",27,"RW","peak","2_01"
"RW_peak_2_01","X",26409,"RW","peak","2_01"
"RW_peak_2_02","F",2,"RW","peak","2_02"
"RW_peak_2_02","X",16136,"RW","peak","2_02"
"RW_peak_2_03","F",62,"RW","peak","2_03"
"RW_peak_2_03","X",19294,"RW","peak","2_03"
"RW_peak_2_04","X",10759,"RW","peak","2_04"
"RW_peak_2_05","F",15,"RW","peak","2_05"
"RW_peak_2_05","X",12910,"RW","peak","2_05"
"RW_peak_2_06","F",4,"RW","peak","2_06"
"RW_peak_2_06","IV",10,"RW","peak","2_06"
"RW_peak_2_06","X",12581,"RW","peak","2_06"
"RW_peak_2_07","F",17,"RW","peak","2_07"
"RW_peak_2_08","X",21696,"RW","peak","2_08"
"RW_peak_2_09","IV",9,"RW","peak","2_09"
"RW_peak_2_10","IV",588,"RW","peak","2_10"
"RW_peak_2_10","X",57,"RW","peak","2_10"
