"site","site_code","season","replicate","tube","phenotype","reads","clade","hudsonica","clade_id","coverage","joined","bam","exclude"
"Key Largo","KL","early",1,2,"yes","no",NA,"no","no","no","yes","no","no"
"Key Largo","KL","early",1,3,"yes","no",NA,"no","no","no","yes","no","no"
"Key Largo","KL","early",1,6,"yes","no",NA,"no","no","no","yes","no","no"
"Key Largo","KL","early",1,7,"yes","no",NA,"no","no","no","yes","no","no"
"Key Largo","KL","early",1,10,"yes","no",NA,"no","no","no","yes","no","no"
"Key Largo","KL","early",2,1,"yes","no",NA,"no","no","no","yes","no","no"
"Key Largo","KL","early",2,4,"yes","no",NA,"no","no","no","yes","no","no"
"Key Largo","KL","early",2,5,"yes","no",NA,"no","no","no","yes","no","no"
"Key Largo","KL","early",2,8,"yes","no",NA,"no","no","no","yes","no","no"
"Key Largo","KL","early",2,9,"yes","no",NA,"no","no","no","yes","no","no"
"Key Largo","KL","early",3,1,"yes","no",NA,"no","no","no","yes","no","no"
"Key Largo","KL","early",3,4,"yes","no",NA,"no","no","no","yes","no","no"
"Key Largo","KL","early",3,6,"yes","no",NA,"no","no","no","yes","no","no"
"Key Largo","KL","early",3,7,"yes","no",NA,"no","no","no","yes","no","no"
"Key Largo","KL","early",3,10,"yes","no",NA,"no","no","no","yes","no","no"
"Key Largo","KL","early",4,2,"yes","no",NA,"no","no","no","yes","no","no"
"Key Largo","KL","early",4,3,"yes","no",NA,"no","no","no","yes","no","no"
"Key Largo","KL","early",4,6,"yes","no",NA,"no","no","no","yes","no","no"
"Key Largo","KL","early",4,7,"yes","no",NA,"no","no","no","yes","no","no"
"Key Largo","KL","early",4,10,"yes","no",NA,"no","no","no","yes","no","no"
"Key Largo","KL","early",5,1,"yes","no",NA,"no","no","no","yes","no","no"
"Key Largo","KL","early",5,2,"yes","no",NA,"no","no","no","yes","no","no"
"Key Largo","KL","early",5,3,"yes","no",NA,"no","no","no","yes","no","no"
"Key Largo","KL","early",5,4,"yes","no",NA,"no","no","no","yes","no","no"
"Key Largo","KL","early",5,5,"yes","no",NA,"no","no","no","yes","no","no"
"Key Largo","KL","early",5,6,"yes","no",NA,"no","no","no","yes","no","no"
"Key Largo","KL","early",5,7,"yes","no",NA,"no","no","no","yes","no","no"
"Key Largo","KL","early",5,8,"yes","no",NA,"no","no","no","yes","no","no"
"Key Largo","KL","early",5,9,"yes","no",NA,"no","no","no","yes","no","no"
"Manatee River","MR","peak",1,1,"yes","yes","F","no","yes","yes","yes","yes","no"
"Manatee River","MR","peak",1,2,"yes","yes","F","no","yes","yes","yes","yes","no"
"Manatee River","MR","peak",1,3,"yes","yes","F","no","yes","yes","yes","yes","no"
"Manatee River","MR","peak",1,4,"yes","yes","F","no","yes","yes","yes","yes","no"
"Manatee River","MR","peak",1,5,"yes","yes","F","no","yes","yes","yes","yes","no"
"Manatee River","MR","peak",1,6,"yes","yes","F","no","yes","yes","yes","yes","no"
"Manatee River","MR","peak",1,7,"yes","yes","F","no","yes","yes","yes","yes","no"
"Manatee River","MR","peak",1,8,"yes","yes","F","no","yes","yes","yes","yes","no"
"Manatee River","MR","peak",1,9,"yes","yes","F","no","yes","yes","yes","yes","no"
"Manatee River","MR","peak",1,10,"yes","yes","F","no","yes","yes","yes","yes","no"
"Manatee River","MR","peak",2,1,"yes","yes","F","no","yes","yes","yes","yes","no"
"Manatee River","MR","peak",2,2,"yes","yes","F","no","yes","yes","yes","yes","no"
"Manatee River","MR","peak",2,3,"yes","yes","F","no","yes","yes","yes","yes","no"
"Manatee River","MR","peak",2,4,"yes","yes","F","no","yes","yes","yes","yes","no"
"Manatee River","MR","peak",2,5,"yes","yes","F","no","yes","yes","yes","yes","no"
"Manatee River","MR","peak",2,6,"yes","yes","F","no","yes","yes","yes","no","yes"
"Manatee River","MR","peak",2,7,"yes","yes","F","no","yes","yes","yes","no","yes"
"Manatee River","MR","peak",2,8,"yes","yes","F","no","yes","yes","yes","yes","no"
"Manatee River","MR","peak",2,9,"yes","yes","F","no","yes","yes","yes","yes","no"
"Manatee River","MR","peak",2,10,"yes","yes","F","no","yes","yes","yes","yes","no"
"Manatee River","MR","late",1,1,"yes","yes","F","no","yes","yes","yes","yes","no"
"Manatee River","MR","late",1,2,"yes","yes","S","no","yes","yes","yes","yes","no"
"Manatee River","MR","late",1,3,"yes","yes","S","no","yes","yes","yes","yes","no"
"Manatee River","MR","late",1,4,"yes","yes","S","no","yes","yes","yes","yes","no"
"Manatee River","MR","late",1,5,"yes","yes","F","no","yes","yes","yes","yes","no"
"Manatee River","MR","late",1,6,"yes","yes","F","no","yes","yes","yes","yes","no"
"Manatee River","MR","late",1,7,"yes","yes","S","no","yes","yes","yes","yes","no"
"Manatee River","MR","late",1,8,"yes","yes","F","no","yes","yes","yes","yes","no"
"Manatee River","MR","late",1,9,"yes","yes","S","no","yes","yes","yes","yes","no"
"Manatee River","MR","late",1,10,"yes","yes","F","no","yes","yes","yes","yes","no"
"Manatee River","MR","late",2,1,"yes","yes","S","no","yes","yes","yes","yes","no"
"Manatee River","MR","late",2,2,"yes","yes","S","no","yes","yes","yes","yes","no"
"Manatee River","MR","late",2,3,"yes","yes","S","no","yes","yes","yes","yes","no"
"Manatee River","MR","late",2,4,"yes","yes","F","no","yes","yes","yes","yes","no"
"Manatee River","MR","late",2,5,"yes","yes","F","no","yes","yes","yes","yes","no"
"Manatee River","MR","late",2,6,"yes","yes","F","no","yes","yes","yes","yes","no"
"Manatee River","MR","late",2,7,"yes","yes","F","no","yes","yes","yes","yes","no"
"Manatee River","MR","late",2,8,"yes","yes","F","no","yes","yes","yes","yes","no"
"Manatee River","MR","late",2,9,"yes","yes","F","no","yes","yes","yes","yes","no"
"Manatee River","MR","late",2,10,"yes","yes","F","no","yes","yes","yes","yes","no"
"Ft. Hamer","FH","peak",1,1,"yes","yes","F","no","yes","yes","yes","yes","no"
"Ft. Hamer","FH","peak",1,2,"yes","yes","F","no","yes","yes","yes","yes","no"
"Ft. Hamer","FH","peak",1,3,"yes","yes","F","no","yes","yes","yes","yes","no"
"Ft. Hamer","FH","peak",1,4,"yes","yes","F","no","yes","yes","yes","yes","no"
"Ft. Hamer","FH","peak",1,5,"yes","yes","F","no","yes","yes","yes","yes","no"
"Ft. Hamer","FH","peak",1,6,"yes","yes","F","no","yes","yes","yes","yes","no"
"Ft. Hamer","FH","peak",1,7,"yes","yes","F","no","yes","yes","yes","yes","no"
"Ft. Hamer","FH","peak",1,8,"yes","yes","F","no","yes","yes","yes","yes","no"
"Ft. Hamer","FH","peak",1,9,"yes","yes","F","no","yes","yes","yes","yes","no"
"Ft. Hamer","FH","peak",1,10,"yes","yes","X","no","yes","yes","yes","yes","no"
"Ft. Hamer","FH","peak",2,1,"yes","yes","F","no","yes","yes","yes","yes","no"
"Ft. Hamer","FH","peak",2,2,"yes","yes","F","no","yes","yes","yes","yes","no"
"Ft. Hamer","FH","peak",2,3,"yes","yes","F","no","yes","yes","yes","yes","no"
"Ft. Hamer","FH","peak",2,4,"yes","yes","F","no","yes","yes","yes","yes","no"
"Ft. Hamer","FH","peak",2,5,"yes","yes","F","no","yes","yes","yes","yes","no"
"Ft. Hamer","FH","peak",2,6,"yes","yes","F","no","yes","yes","yes","yes","no"
"Ft. Hamer","FH","peak",2,7,"yes","yes","F","no","yes","yes","yes","yes","no"
"Ft. Hamer","FH","peak",2,8,"yes","yes","F","no","yes","yes","yes","yes","no"
"Ft. Hamer","FH","peak",2,9,"yes","yes","F","no","yes","yes","yes","yes","no"
"Ft. Hamer","FH","peak",2,10,"yes","yes","F","no","yes","yes","yes","yes","no"
"Ft. Hamer","FH","late",1,1,"yes","yes","F","no","yes","yes","yes","yes","no"
"Ft. Hamer","FH","late",1,2,"yes","yes","F","no","yes","yes","yes","yes","no"
"Ft. Hamer","FH","late",1,3,"yes","yes","F","no","yes","yes","yes","yes","no"
"Ft. Hamer","FH","late",1,4,"yes","yes","F","no","yes","yes","yes","yes","no"
"Ft. Hamer","FH","late",1,5,"yes","yes","F","no","yes","yes","yes","yes","no"
"Ft. Hamer","FH","late",1,6,"yes","yes","F","no","yes","yes","yes","yes","no"
"Ft. Hamer","FH","late",1,7,"yes","yes","F","no","yes","yes","yes","yes","no"
"Ft. Hamer","FH","late",1,8,"yes","yes","F","no","yes","yes","yes","yes","no"
"Ft. Hamer","FH","late",1,9,"yes","yes","F","no","yes","yes","yes","yes","no"
"Ft. Hamer","FH","late",1,10,"yes","yes","F","no","yes","yes","yes","yes","no"
"Ft. Hamer","FH","late",2,1,"yes","yes","F","no","yes","yes","yes","yes","no"
"Ft. Hamer","FH","late",2,2,"yes","yes","F","no","yes","yes","yes","yes","no"
"Ft. Hamer","FH","late",2,3,"yes","yes","F","no","yes","yes","yes","no","yes"
"Ft. Hamer","FH","late",2,4,"yes","yes","F","no","yes","yes","yes","yes","no"
"Ft. Hamer","FH","late",2,5,"yes","yes","F","no","yes","yes","yes","yes","no"
"Ft. Hamer","FH","late",2,6,"yes","yes","F","no","yes","yes","yes","yes","no"
"Ft. Hamer","FH","late",2,7,"yes","yes","F","no","yes","yes","yes","yes","no"
"Ft. Hamer","FH","late",2,8,"yes","yes","F","no","yes","yes","yes","yes","no"
"Ft. Hamer","FH","late",2,9,"yes","yes","F","no","yes","yes","yes","yes","no"
"Ft. Hamer","FH","late",2,10,"yes","yes","F","no","yes","yes","yes","yes","no"
"Tyler Cove","MD","early",1,1,"yes","yes","F","no","yes","yes","yes","yes","no"
"Tyler Cove","MD","early",1,2,"yes","yes","S","no","yes","yes","yes","yes","no"
"Tyler Cove","MD","early",1,3,"yes","yes","S","no","yes","yes","yes","yes","no"
"Tyler Cove","MD","early",1,4,"yes","yes","F","no","yes","yes","yes","yes","no"
"Tyler Cove","MD","early",1,5,"yes","yes","F","no","yes","yes","yes","yes","no"
"Tyler Cove","MD","early",1,6,"yes","yes","F","no","yes","yes","yes","yes","no"
"Tyler Cove","MD","early",1,7,"yes","yes","F","no","yes","yes","yes","yes","no"
"Tyler Cove","MD","early",1,8,"yes","yes","F","no","yes","yes","yes","yes","no"
"Tyler Cove","MD","early",1,9,"yes","yes","S","no","yes","yes","yes","yes","no"
"Tyler Cove","MD","early",1,10,"yes","yes","F","no","yes","yes","yes","yes","no"
"Tyler Cove","MD","early",2,1,"yes","yes","F","no","yes","yes","yes","yes","no"
"Tyler Cove","MD","early",2,2,"yes","yes","F","no","yes","yes","yes","yes","no"
"Tyler Cove","MD","early",2,3,"yes","yes","F","no","yes","yes","yes","yes","no"
"Tyler Cove","MD","early",2,4,"yes","yes","F","no","yes","yes","yes","yes","no"
"Tyler Cove","MD","early",2,5,"yes","yes","F","no","yes","yes","yes","yes","no"
"Tyler Cove","MD","early",2,6,"yes","yes","F","no","yes","yes","yes","yes","no"
"Tyler Cove","MD","early",2,7,"yes","yes","F","no","yes","yes","yes","yes","no"
"Tyler Cove","MD","early",2,8,"yes","yes","F","no","yes","yes","yes","yes","no"
"Tyler Cove","MD","early",2,9,"yes","yes","F","no","yes","yes","yes","yes","no"
"Tyler Cove","MD","early",2,10,"yes","yes","F","no","yes","yes","yes","yes","no"
"Tyler Cove","MD","peak",1,1,"yes","yes","S","no","yes","yes","yes","yes","no"
"Tyler Cove","MD","peak",1,2,"yes","yes","S","no","yes","yes","yes","yes","no"
"Tyler Cove","MD","peak",1,3,"yes","yes","S","no","yes","yes","yes","yes","no"
"Tyler Cove","MD","peak",1,4,"yes","yes","S","no","yes","yes","yes","yes","no"
"Tyler Cove","MD","peak",1,5,"yes","yes","S","no","yes","yes","yes","yes","no"
"Tyler Cove","MD","peak",1,6,"yes","yes","S","no","yes","yes","yes","yes","no"
"Tyler Cove","MD","peak",1,7,"yes","yes","S","no","yes","yes","yes","yes","no"
"Tyler Cove","MD","peak",1,8,"yes","yes","S","no","yes","yes","yes","yes","no"
"Tyler Cove","MD","peak",1,9,"yes","yes","S","no","yes","yes","yes","yes","no"
"Tyler Cove","MD","peak",1,10,"yes","yes","S","no","yes","yes","yes","yes","no"
"Tyler Cove","MD","peak",2,1,"yes","yes","S","no","yes","yes","yes","yes","no"
"Tyler Cove","MD","peak",2,2,"yes","yes","S","no","yes","yes","yes","no","yes"
"Tyler Cove","MD","peak",2,3,"yes","yes","S","no","yes","yes","yes","yes","no"
"Tyler Cove","MD","peak",2,4,"yes","yes","S","no","yes","yes","yes","yes","no"
"Tyler Cove","MD","peak",2,5,"yes","yes","S","no","yes","yes","yes","yes","no"
"Tyler Cove","MD","peak",2,6,"yes","yes","S","no","yes","yes","yes","yes","no"
"Tyler Cove","MD","peak",2,7,"yes","yes","S","no","yes","yes","yes","yes","no"
"Tyler Cove","MD","peak",2,8,"yes","yes","S","no","yes","yes","yes","yes","no"
"Tyler Cove","MD","peak",2,9,"yes","yes","S","no","yes","yes","yes","yes","no"
"Tyler Cove","MD","peak",2,10,"yes","yes","S","no","yes","yes","yes","yes","no"
"Tyler Cove","MD","late",1,1,"yes","yes","S","no","yes","yes","yes","yes","no"
"Tyler Cove","MD","late",1,2,"yes","yes","S","no","yes","yes","yes","yes","no"
"Tyler Cove","MD","late",1,3,"yes","yes","F","no","yes","yes","yes","yes","no"
"Tyler Cove","MD","late",1,4,"yes","yes","S","no","yes","yes","yes","yes","no"
"Tyler Cove","MD","late",1,5,"yes","yes","S","no","yes","yes","yes","yes","no"
"Tyler Cove","MD","late",1,6,"yes","yes","S","no","yes","yes","yes","yes","no"
"Tyler Cove","MD","late",1,7,"yes","yes","S","no","yes","yes","yes","yes","no"
"Tyler Cove","MD","late",1,8,"yes","yes","S","no","yes","yes","yes","yes","no"
"Tyler Cove","MD","late",1,9,"yes","yes","S","no","yes","yes","yes","yes","no"
"Tyler Cove","MD","late",1,10,"yes","yes","F","no","yes","yes","yes","yes","no"
"Tyler Cove","MD","late",2,1,"yes","yes","S","no","yes","yes","yes","yes","no"
"Tyler Cove","MD","late",2,2,"yes","yes","F","no","yes","yes","yes","yes","no"
"Tyler Cove","MD","late",2,3,"yes","yes","S","no","yes","yes","yes","yes","no"
"Tyler Cove","MD","late",2,4,"yes","yes","F","no","yes","yes","yes","yes","no"
"Tyler Cove","MD","late",2,5,"yes","yes","S","no","yes","yes","yes","yes","no"
"Tyler Cove","MD","late",2,6,"yes","yes","F","no","yes","yes","yes","yes","no"
"Tyler Cove","MD","late",2,7,"yes","yes","S","no","yes","yes","yes","yes","no"
"Tyler Cove","MD","late",2,8,"yes","yes","F","no","yes","yes","yes","yes","no"
"Tyler Cove","MD","late",2,9,"yes","yes","F","no","yes","yes","yes","yes","no"
"Tyler Cove","MD","late",2,10,"yes","yes","F","no","yes","yes","yes","yes","no"
"Ganey's Wharf","GW","early",1,1,"yes","yes","F","no","yes","yes","yes","yes","no"
"Ganey's Wharf","GW","early",1,2,"yes","yes","F","no","yes","yes","yes","yes","no"
"Ganey's Wharf","GW","early",1,3,"yes","yes","F","no","yes","yes","yes","yes","no"
"Ganey's Wharf","GW","early",1,4,"yes","yes","S","no","yes","yes","yes","yes","no"
"Ganey's Wharf","GW","early",1,5,"yes","yes","F","no","yes","yes","yes","yes","no"
"Ganey's Wharf","GW","early",1,6,"yes","yes","F","no","yes","yes","yes","yes","no"
"Ganey's Wharf","GW","early",1,7,"yes","yes","F","no","yes","yes","yes","yes","no"
"Ganey's Wharf","GW","early",1,8,"yes","yes","F","no","yes","yes","yes","yes","no"
"Ganey's Wharf","GW","early",1,9,"yes","yes","F","no","yes","yes","yes","yes","no"
"Ganey's Wharf","GW","early",1,10,"yes","yes","F","no","yes","yes","yes","yes","no"
"Ganey's Wharf","GW","early",2,1,"yes","yes","F","no","yes","yes","yes","yes","no"
"Ganey's Wharf","GW","early",2,2,"yes","yes","F","no","yes","yes","yes","yes","no"
"Ganey's Wharf","GW","early",2,3,"yes","yes","F","no","yes","yes","yes","yes","no"
"Ganey's Wharf","GW","early",2,4,"yes","yes","F","no","yes","yes","yes","yes","no"
"Ganey's Wharf","GW","early",2,5,"yes","yes","F","no","yes","yes","yes","yes","no"
"Ganey's Wharf","GW","early",2,6,"yes","yes","F","no","yes","yes","yes","yes","no"
"Ganey's Wharf","GW","early",2,7,"yes","yes","F","no","yes","yes","yes","yes","no"
"Ganey's Wharf","GW","early",2,8,"yes","yes","F","no","yes","yes","yes","yes","no"
"Ganey's Wharf","GW","early",2,9,"yes","yes","F","no","yes","yes","yes","yes","no"
"Ganey's Wharf","GW","early",2,10,"yes","yes","F","no","yes","yes","yes","yes","no"
"Ganey's Wharf","GW","peak",1,1,"yes","yes","F","no","yes","yes","yes","yes","no"
"Ganey's Wharf","GW","peak",1,2,"yes","yes","F","no","yes","yes","yes","yes","no"
"Ganey's Wharf","GW","peak",1,3,"yes","yes","F","no","yes","yes","yes","yes","no"
"Ganey's Wharf","GW","peak",1,4,"yes","yes","F","no","yes","yes","yes","yes","no"
"Ganey's Wharf","GW","peak",1,5,"yes","yes","F","no","yes","yes","yes","yes","no"
"Ganey's Wharf","GW","peak",1,6,"yes","yes","F","no","yes","yes","yes","yes","no"
"Ganey's Wharf","GW","peak",1,7,"yes","yes","F","no","yes","yes","yes","yes","no"
"Ganey's Wharf","GW","peak",1,8,"yes","yes","F","no","yes","yes","yes","yes","no"
"Ganey's Wharf","GW","peak",1,9,"yes","yes","F","no","yes","yes","yes","yes","no"
"Ganey's Wharf","GW","peak",1,10,"yes","yes","F","no","yes","yes","yes","yes","no"
"Ganey's Wharf","GW","peak",2,1,"yes","yes","F","no","yes","yes","yes","yes","no"
"Ganey's Wharf","GW","peak",2,2,"yes","yes","F","no","yes","yes","yes","yes","no"
"Ganey's Wharf","GW","peak",2,3,"yes","yes","F","no","yes","yes","yes","yes","no"
"Ganey's Wharf","GW","peak",2,4,"yes","yes","F","no","yes","yes","yes","yes","no"
"Ganey's Wharf","GW","peak",2,5,"yes","yes","F","no","yes","yes","yes","yes","no"
"Ganey's Wharf","GW","peak",2,6,"yes","yes","F","no","yes","yes","yes","yes","no"
"Ganey's Wharf","GW","peak",2,7,"yes","yes","F","no","yes","yes","yes","yes","no"
"Ganey's Wharf","GW","peak",2,8,"yes","yes","F","no","yes","yes","yes","yes","no"
"Ganey's Wharf","GW","peak",2,9,"yes","yes","F","no","yes","yes","yes","yes","no"
"Ganey's Wharf","GW","peak",2,10,"yes","yes","F","no","yes","yes","yes","yes","no"
"Ganey's Wharf","GW","late",1,1,"yes","yes","F","no","yes","yes","yes","yes","no"
"Ganey's Wharf","GW","late",1,2,"yes","yes","S","no","yes","yes","yes","yes","no"
"Ganey's Wharf","GW","late",1,3,"yes","yes","F","no","yes","yes","yes","yes","no"
"Ganey's Wharf","GW","late",1,4,"yes","yes","F","no","yes","yes","yes","yes","no"
"Ganey's Wharf","GW","late",1,5,"yes","yes","F","no","yes","yes","yes","yes","no"
"Ganey's Wharf","GW","late",1,6,"yes","yes","F","no","yes","yes","yes","yes","no"
"Ganey's Wharf","GW","late",1,7,"yes","yes","F","no","yes","yes","yes","yes","no"
"Ganey's Wharf","GW","late",1,8,"yes","yes","S","no","yes","yes","yes","yes","no"
"Ganey's Wharf","GW","late",1,9,"yes","yes","S","no","yes","yes","yes","yes","no"
"Ganey's Wharf","GW","late",1,10,"yes","yes","S","no","yes","yes","yes","yes","no"
"Ganey's Wharf","GW","late",2,1,"yes","yes","F","no","yes","yes","yes","yes","no"
"Ganey's Wharf","GW","late",2,2,"yes","yes","S","no","yes","yes","yes","yes","no"
"Ganey's Wharf","GW","late",2,3,"yes","yes","F","no","yes","yes","yes","yes","no"
"Ganey's Wharf","GW","late",2,4,"yes","yes","F","no","yes","yes","yes","yes","no"
"Ganey's Wharf","GW","late",2,5,"yes","yes","F","no","yes","yes","yes","yes","no"
"Ganey's Wharf","GW","late",2,6,"yes","yes","F","no","yes","yes","yes","yes","no"
"Ganey's Wharf","GW","late",2,7,"yes","yes","F","no","yes","yes","yes","yes","no"
"Ganey's Wharf","GW","late",2,8,"yes","yes","F","no","yes","yes","yes","yes","no"
"Ganey's Wharf","GW","late",2,9,"yes","yes","S","no","yes","yes","yes","yes","no"
"Ganey's Wharf","GW","late",2,10,"yes","yes","F","no","yes","yes","yes","yes","no"
"Esker Point","CT","early",1,1,"yes","yes","X","no","yes","yes","yes","yes","no"
"Esker Point","CT","early",1,2,"yes","yes","S","no","yes","yes","yes","yes","no"
"Esker Point","CT","early",1,3,"yes","yes","IV","no","yes","yes","yes","yes","no"
"Esker Point","CT","early",1,4,"yes","yes","X","no","yes","yes","yes","yes","no"
"Esker Point","CT","early",1,5,"yes","yes","IV","no","yes","yes","yes","yes","no"
"Esker Point","CT","early",1,6,"yes","yes","F","no","yes","yes","yes","yes","no"
"Esker Point","CT","early",1,7,"yes","yes","X","no","yes","yes","yes","yes","no"
"Esker Point","CT","early",1,8,"yes","yes","X","no","yes","yes","yes","yes","no"
"Esker Point","CT","early",1,9,"yes","yes","F","no","yes","yes","yes","yes","no"
"Esker Point","CT","early",1,10,"yes","yes","X","no","yes","yes","yes","yes","no"
"Esker Point","CT","early",2,1,"yes","yes","X","no","yes","yes","yes","yes","no"
"Esker Point","CT","early",2,2,"yes","yes","X","no","yes","yes","yes","yes","no"
"Esker Point","CT","early",2,3,"yes","yes","A_hudsonica","yes","yes","yes","yes","no","yes"
"Esker Point","CT","early",2,4,"yes","yes","F","no","yes","yes","yes","yes","no"
"Esker Point","CT","early",2,5,"yes","yes","S","no","yes","yes","yes","yes","no"
"Esker Point","CT","early",2,6,"yes","yes","X","no","yes","yes","yes","yes","no"
"Esker Point","CT","early",2,7,"yes","yes","S","no","yes","yes","yes","yes","no"
"Esker Point","CT","early",2,8,"yes","yes","S","no","yes","yes","yes","yes","no"
"Esker Point","CT","early",2,9,"yes","yes","F","no","yes","yes","yes","yes","no"
"Esker Point","CT","early",2,10,"yes","yes","F","no","yes","yes","yes","yes","no"
"Esker Point","CT","peak",1,1,"yes","yes","S","no","yes","yes","yes","yes","no"
"Esker Point","CT","peak",1,2,"yes","yes","S","no","yes","yes","yes","yes","no"
"Esker Point","CT","peak",1,3,"yes","yes","S","no","yes","yes","yes","yes","no"
"Esker Point","CT","peak",1,5,"yes","yes","S","no","yes","yes","yes","yes","no"
"Esker Point","CT","peak",1,6,"yes","yes","S","no","yes","yes","yes","yes","no"
"Esker Point","CT","peak",1,7,"yes","yes","S","no","yes","yes","yes","yes","no"
"Esker Point","CT","peak",1,8,"yes","yes","X","no","yes","yes","yes","yes","no"
"Esker Point","CT","peak",1,9,"yes","yes","S","no","yes","yes","yes","yes","no"
"Esker Point","CT","peak",1,10,"yes","yes","S","no","yes","yes","yes","yes","no"
"Esker Point","CT","peak",2,1,"yes","yes","S","no","yes","yes","yes","yes","no"
"Esker Point","CT","peak",2,2,"yes","yes","S","no","yes","yes","yes","yes","no"
"Esker Point","CT","peak",2,3,"yes","yes","S","no","yes","yes","yes","yes","no"
"Esker Point","CT","peak",2,4,"yes","yes","S","no","yes","yes","yes","yes","no"
"Esker Point","CT","peak",2,5,"yes","yes","S","no","yes","yes","yes","yes","no"
"Esker Point","CT","peak",2,6,"yes","yes","S","no","yes","yes","yes","yes","no"
"Esker Point","CT","peak",2,7,"yes","yes","S","no","yes","yes","yes","yes","no"
"Esker Point","CT","peak",2,8,"yes","yes","X","no","yes","yes","yes","yes","no"
"Esker Point","CT","peak",2,9,"yes","yes","X","no","yes","yes","yes","yes","no"
"Esker Point","CT","peak",2,10,"yes","yes","X","no","yes","yes","yes","yes","no"
"Esker Point","CT","late",1,1,"yes","yes","IV","no","yes","yes","yes","yes","no"
"Esker Point","CT","late",1,2,"yes","yes","IV","no","yes","yes","yes","yes","no"
"Esker Point","CT","late",1,3,"yes","yes","IV","no","yes","yes","yes","yes","no"
"Esker Point","CT","late",1,4,"yes","yes","S","no","yes","yes","yes","yes","no"
"Esker Point","CT","late",1,5,"yes","yes","IV","no","yes","yes","yes","yes","no"
"Esker Point","CT","late",1,6,"yes","yes","IV","no","yes","yes","yes","yes","no"
"Esker Point","CT","late",1,7,"yes","yes","IV","no","yes","yes","yes","yes","no"
"Esker Point","CT","late",1,8,"yes","yes","IV","no","yes","yes","yes","yes","no"
"Esker Point","CT","late",1,9,"yes","yes","S","no","yes","yes","yes","yes","no"
"Esker Point","CT","late",1,10,"yes","yes","IV","no","yes","yes","yes","yes","no"
"Esker Point","CT","late",2,1,"yes","yes","IV","no","yes","yes","yes","yes","no"
"Esker Point","CT","late",2,2,"yes","yes","IV","no","yes","yes","yes","yes","no"
"Esker Point","CT","late",2,3,"yes","yes","IV","no","yes","yes","yes","yes","no"
"Esker Point","CT","late",2,4,"yes","yes","IV","no","yes","yes","yes","yes","no"
"Esker Point","CT","late",2,5,"yes","yes","IV","no","yes","yes","yes","yes","no"
"Esker Point","CT","late",2,6,"yes","yes","IV","no","yes","yes","yes","yes","no"
"Esker Point","CT","late",2,7,"yes","yes","S","no","yes","yes","yes","yes","no"
"Esker Point","CT","late",2,8,"yes","yes","IV","no","yes","yes","yes","yes","no"
"Esker Point","CT","late",2,9,"yes","yes","IV","no","yes","yes","yes","yes","no"
"Esker Point","CT","late",2,10,"yes","yes","IV","no","yes","yes","yes","yes","no"
"Sawyer Park","ME","early",1,1,"yes","yes","X","no","yes","yes","yes","yes","no"
"Sawyer Park","ME","early",1,2,"yes","yes","X","no","yes","yes","yes","yes","no"
"Sawyer Park","ME","early",1,3,"yes","yes","X","no","yes","yes","yes","yes","no"
"Sawyer Park","ME","early",1,4,"yes","yes","IV","no","yes","yes","yes","yes","no"
"Sawyer Park","ME","early",1,5,"yes","yes","X","no","yes","yes","yes","yes","no"
"Sawyer Park","ME","early",1,6,"yes","yes","X","no","yes","yes","yes","yes","no"
"Sawyer Park","ME","early",1,7,"yes","yes","X","no","yes","yes","yes","yes","no"
"Sawyer Park","ME","early",1,8,"yes","yes","IV","no","yes","yes","yes","yes","no"
"Sawyer Park","ME","early",1,9,"yes","yes","F","no","yes","yes","yes","yes","no"
"Sawyer Park","ME","early",1,10,"yes","yes","F","no","yes","yes","yes","yes","no"
"Sawyer Park","ME","early",2,1,"yes","yes","X","no","yes","yes","yes","yes","no"
"Sawyer Park","ME","early",2,2,"yes","yes",NA,"no","no","yes","yes","yes","no"
"Sawyer Park","ME","early",2,3,"yes","yes","X","no","yes","yes","yes","yes","no"
"Sawyer Park","ME","early",2,4,"yes","yes",NA,"no","no","yes","yes","yes","no"
"Sawyer Park","ME","early",2,5,"yes","yes","X","no","yes","yes","yes","yes","no"
"Sawyer Park","ME","early",2,6,"yes","yes","F","no","yes","yes","yes","yes","no"
"Sawyer Park","ME","early",2,7,"yes","yes","X","no","yes","yes","yes","yes","no"
"Sawyer Park","ME","early",2,8,"yes","yes","X","no","yes","yes","yes","yes","no"
"Sawyer Park","ME","early",2,9,"yes","yes",NA,"no","no","yes","yes","yes","no"
"Sawyer Park","ME","early",2,10,"yes","yes","S","no","yes","yes","yes","yes","no"
"Sawyer Park","ME","peak",1,1,"yes","yes","X","no","yes","yes","yes","yes","no"
"Sawyer Park","ME","peak",1,2,"yes","yes","X","no","yes","yes","yes","yes","no"
"Sawyer Park","ME","peak",1,3,"yes","yes","X","no","yes","yes","yes","yes","no"
"Sawyer Park","ME","peak",1,4,"yes","yes","A_hudsonica","yes","yes","yes","yes","no","yes"
"Sawyer Park","ME","peak",1,5,"yes","yes","X","no","yes","yes","yes","yes","no"
"Sawyer Park","ME","peak",1,6,"yes","yes","X","no","yes","yes","yes","yes","no"
"Sawyer Park","ME","peak",1,7,"yes","yes","X","no","yes","yes","yes","yes","no"
"Sawyer Park","ME","peak",1,8,"yes","yes","X","no","yes","yes","yes","yes","no"
"Sawyer Park","ME","peak",1,9,"yes","yes","IV","no","yes","yes","yes","yes","no"
"Sawyer Park","ME","peak",1,10,"yes","yes","X","no","yes","yes","yes","yes","no"
"Sawyer Park","ME","peak",2,1,"yes","yes","X","no","yes","yes","yes","yes","no"
"Sawyer Park","ME","peak",2,2,"yes","yes","X","no","yes","yes","yes","yes","no"
"Sawyer Park","ME","peak",2,3,"yes","yes","X","no","yes","yes","yes","yes","no"
"Sawyer Park","ME","peak",2,4,"yes","yes","X","no","yes","yes","yes","yes","no"
"Sawyer Park","ME","peak",2,5,"yes","yes","X","no","yes","yes","yes","yes","no"
"Sawyer Park","ME","peak",2,6,"yes","yes","X","no","yes","yes","yes","yes","no"
"Sawyer Park","ME","peak",2,7,"yes","yes","X","no","yes","yes","yes","yes","no"
"Sawyer Park","ME","peak",2,8,"yes","yes","S","no","yes","yes","yes","yes","no"
"Sawyer Park","ME","peak",2,9,"yes","yes","X","no","yes","yes","yes","yes","no"
"Sawyer Park","ME","peak",2,10,"yes","yes","X","no","yes","yes","yes","yes","no"
"Sawyer Park","ME","late",1,1,"yes","yes","IV","no","yes","yes","yes","yes","no"
"Sawyer Park","ME","late",2,1,"yes","yes","IV","no","yes","yes","yes","yes","no"
"Sawyer Park","ME","late",2,2,"yes","yes","X","no","yes","yes","yes","yes","no"
"Sawyer Park","ME","late",2,3,"yes","yes","IV","no","yes","yes","yes","yes","no"
"Sawyer Park","ME","late",2,4,"yes","yes","IV","no","yes","yes","yes","yes","no"
"Sawyer Park","ME","late",2,5,"yes","yes","X","no","yes","yes","yes","yes","no"
"Sawyer Park","ME","late",2,6,"yes","yes","IV","no","yes","yes","yes","yes","no"
"Sawyer Park","ME","late",2,7,"yes","yes","X","no","yes","yes","yes","yes","no"
"St. Thomas de Kent Wharf","TK","early",1,1,"yes","yes","X","no","yes","yes","yes","yes","no"
"St. Thomas de Kent Wharf","TK","early",1,2,"yes","yes","IV","no","yes","yes","yes","yes","no"
"St. Thomas de Kent Wharf","TK","early",1,3,"yes","yes","X","no","yes","yes","yes","yes","no"
"St. Thomas de Kent Wharf","TK","early",1,4,"yes","yes","X","no","yes","yes","yes","yes","no"
"St. Thomas de Kent Wharf","TK","early",1,5,"yes","yes","X","no","yes","yes","yes","yes","no"
"St. Thomas de Kent Wharf","TK","early",1,6,"yes","yes","X","no","yes","yes","yes","yes","no"
"St. Thomas de Kent Wharf","TK","early",1,7,"yes","yes","X","no","yes","yes","yes","yes","no"
"St. Thomas de Kent Wharf","TK","early",1,8,"yes","yes","X","no","yes","yes","yes","yes","no"
"St. Thomas de Kent Wharf","TK","early",1,9,"yes","yes","IV","no","yes","yes","yes","yes","no"
"St. Thomas de Kent Wharf","TK","early",1,10,"yes","yes","S","no","yes","yes","yes","yes","no"
"St. Thomas de Kent Wharf","TK","early",2,1,"yes","yes","X","no","yes","yes","yes","yes","no"
"St. Thomas de Kent Wharf","TK","early",2,2,"yes","yes","F","no","yes","yes","yes","yes","no"
"St. Thomas de Kent Wharf","TK","early",2,3,"yes","yes","X","no","yes","yes","yes","yes","no"
"St. Thomas de Kent Wharf","TK","early",2,4,"yes","yes","X","no","yes","yes","yes","yes","no"
"St. Thomas de Kent Wharf","TK","early",2,5,"yes","yes","X","no","yes","yes","yes","yes","no"
"St. Thomas de Kent Wharf","TK","early",2,6,"yes","yes",NA,"no","no","yes","yes","yes","no"
"St. Thomas de Kent Wharf","TK","early",2,7,"yes","yes","IV","no","yes","yes","yes","yes","no"
"St. Thomas de Kent Wharf","TK","early",2,8,"yes","yes",NA,"no","no","yes","yes","yes","no"
"St. Thomas de Kent Wharf","TK","early",2,9,"yes","yes","X","no","yes","yes","yes","yes","no"
"St. Thomas de Kent Wharf","TK","early",2,10,"yes","yes","X","no","yes","yes","yes","yes","no"
"St. Thomas de Kent Wharf","TK","peak",1,1,"yes","yes","X","no","yes","yes","yes","yes","no"
"St. Thomas de Kent Wharf","TK","peak",1,2,"yes","yes","X","no","yes","yes","yes","yes","no"
"St. Thomas de Kent Wharf","TK","peak",1,3,"yes","yes","X","no","yes","yes","yes","yes","no"
"St. Thomas de Kent Wharf","TK","peak",1,4,"yes","yes","X","no","yes","yes","yes","yes","no"
"St. Thomas de Kent Wharf","TK","peak",1,5,"yes","yes","X","no","yes","yes","yes","yes","no"
"St. Thomas de Kent Wharf","TK","peak",1,6,"yes","yes","X","no","yes","yes","yes","yes","no"
"St. Thomas de Kent Wharf","TK","peak",1,7,"yes","yes","X","no","yes","yes","yes","yes","no"
"St. Thomas de Kent Wharf","TK","peak",1,8,"yes","yes","X","no","yes","yes","yes","yes","no"
"St. Thomas de Kent Wharf","TK","peak",1,9,"yes","yes","X","no","yes","yes","yes","yes","no"
"St. Thomas de Kent Wharf","TK","peak",1,10,"yes","yes","X","no","yes","yes","yes","yes","no"
"St. Thomas de Kent Wharf","TK","peak",2,1,"yes","yes","X","no","yes","yes","yes","yes","no"
"St. Thomas de Kent Wharf","TK","peak",2,2,"yes","yes","X","no","yes","yes","yes","yes","no"
"St. Thomas de Kent Wharf","TK","peak",2,3,"yes","yes","X","no","yes","yes","yes","yes","no"
"St. Thomas de Kent Wharf","TK","peak",2,4,"yes","yes","X","no","yes","yes","yes","yes","no"
"St. Thomas de Kent Wharf","TK","peak",2,5,"yes","yes","X","no","yes","yes","yes","yes","no"
"St. Thomas de Kent Wharf","TK","peak",2,6,"yes","yes","X","no","yes","yes","yes","yes","no"
"St. Thomas de Kent Wharf","TK","peak",2,7,"yes","yes","X","no","yes","yes","yes","yes","no"
"St. Thomas de Kent Wharf","TK","peak",2,8,"yes","yes","IV","no","yes","yes","yes","yes","no"
"St. Thomas de Kent Wharf","TK","peak",2,9,"yes","yes","X","no","yes","yes","yes","yes","no"
"St. Thomas de Kent Wharf","TK","peak",2,10,"yes","yes","IV","no","yes","yes","yes","yes","no"
"St. Thomas de Kent Wharf","TK","late",1,1,"yes","yes","IV","no","yes","yes","yes","yes","no"
"St. Thomas de Kent Wharf","TK","late",1,2,"yes","yes","IV","no","yes","yes","yes","yes","no"
"St. Thomas de Kent Wharf","TK","late",1,3,"yes","yes","IV","no","yes","yes","yes","no","yes"
"St. Thomas de Kent Wharf","TK","late",1,4,"yes","yes","IV","no","yes","yes","yes","yes","no"
"St. Thomas de Kent Wharf","TK","late",1,5,"yes","yes","IV","no","yes","yes","yes","yes","no"
"St. Thomas de Kent Wharf","TK","late",1,6,"yes","yes","IV","no","yes","yes","yes","yes","no"
"St. Thomas de Kent Wharf","TK","late",1,7,"yes","yes","IV","no","yes","yes","yes","yes","no"
"St. Thomas de Kent Wharf","TK","late",1,8,"yes","yes","IV","no","yes","yes","yes","yes","no"
"St. Thomas de Kent Wharf","TK","late",1,9,"yes","yes","IV","no","yes","yes","yes","yes","no"
"St. Thomas de Kent Wharf","TK","late",1,10,"yes","yes","IV","no","yes","yes","yes","yes","no"
"St. Thomas de Kent Wharf","TK","late",2,1,"yes","yes","IV","no","yes","yes","yes","yes","no"
"St. Thomas de Kent Wharf","TK","late",2,2,"yes","yes","IV","no","yes","yes","yes","yes","no"
"St. Thomas de Kent Wharf","TK","late",2,3,"yes","yes","IV","no","yes","yes","yes","yes","no"
"St. Thomas de Kent Wharf","TK","late",2,4,"yes","yes","IV","no","yes","yes","yes","yes","no"
"St. Thomas de Kent Wharf","TK","late",2,5,"yes","yes","IV","no","yes","yes","yes","yes","no"
"St. Thomas de Kent Wharf","TK","late",2,6,"yes","yes","IV","no","yes","yes","yes","yes","no"
"St. Thomas de Kent Wharf","TK","late",2,7,"yes","yes","IV","no","yes","yes","yes","yes","no"
"St. Thomas de Kent Wharf","TK","late",2,8,"yes","yes","IV","no","yes","yes","yes","yes","no"
"St. Thomas de Kent Wharf","TK","late",2,9,"yes","yes","IV","no","yes","yes","yes","yes","no"
"St. Thomas de Kent Wharf","TK","late",2,10,"yes","yes","IV","no","yes","yes","yes","yes","no"
"Ritchie Wharf","RW","early",1,1,"yes","yes","X","no","yes","yes","yes","yes","no"
"Ritchie Wharf","RW","early",1,2,"yes","yes","X","no","yes","yes","yes","yes","no"
"Ritchie Wharf","RW","early",1,3,"yes","yes","X","no","yes","yes","yes","yes","no"
"Ritchie Wharf","RW","early",1,4,"yes","yes","X","no","yes","yes","yes","yes","no"
"Ritchie Wharf","RW","early",1,5,"yes","yes","X","no","yes","yes","yes","yes","no"
"Ritchie Wharf","RW","early",1,6,"yes","yes","X","no","yes","yes","yes","yes","no"
"Ritchie Wharf","RW","early",1,7,"yes","yes","X","no","yes","yes","yes","yes","no"
"Ritchie Wharf","RW","early",1,8,"yes","yes","X","no","yes","yes","yes","yes","no"
"Ritchie Wharf","RW","early",1,9,"yes","yes","X","no","yes","yes","yes","yes","no"
"Ritchie Wharf","RW","early",1,10,"yes","yes","X","no","yes","yes","yes","yes","no"
"Ritchie Wharf","RW","early",2,1,"yes","yes",NA,"no","no","yes","yes","yes","no"
"Ritchie Wharf","RW","early",2,2,"yes","yes","X","no","yes","yes","yes","yes","no"
"Ritchie Wharf","RW","early",2,3,"yes","yes",NA,"no","no","yes","yes","yes","no"
"Ritchie Wharf","RW","early",2,4,"yes","yes","X","no","yes","yes","yes","yes","no"
"Ritchie Wharf","RW","early",2,5,"yes","yes","F","no","yes","yes","yes","yes","no"
"Ritchie Wharf","RW","early",2,6,"yes","yes","X","no","yes","yes","yes","yes","no"
"Ritchie Wharf","RW","early",2,7,"yes","yes","X","no","yes","yes","yes","yes","no"
"Ritchie Wharf","RW","early",2,8,"yes","yes","X","no","yes","yes","yes","yes","no"
"Ritchie Wharf","RW","early",2,9,"yes","yes","X","no","yes","yes","yes","yes","no"
"Ritchie Wharf","RW","early",2,10,"yes","yes","X","no","yes","yes","yes","yes","no"
"Ritchie Wharf","RW","peak",1,1,"yes","yes","X","no","yes","yes","yes","yes","no"
"Ritchie Wharf","RW","peak",1,2,"yes","yes","X","no","yes","yes","yes","yes","no"
"Ritchie Wharf","RW","peak",1,3,"yes","yes","X","no","yes","yes","yes","yes","no"
"Ritchie Wharf","RW","peak",1,4,"yes","yes","X","no","yes","yes","yes","yes","no"
"Ritchie Wharf","RW","peak",1,5,"yes","yes","X","no","yes","yes","yes","yes","no"
"Ritchie Wharf","RW","peak",1,6,"yes","yes","X","no","yes","yes","yes","yes","no"
"Ritchie Wharf","RW","peak",1,7,"yes","yes","X","no","yes","yes","yes","yes","no"
"Ritchie Wharf","RW","peak",1,8,"yes","yes","X","no","yes","yes","yes","yes","no"
"Ritchie Wharf","RW","peak",1,9,"yes","yes","X","no","yes","yes","yes","yes","no"
"Ritchie Wharf","RW","peak",1,10,"yes","yes","X","no","yes","yes","yes","yes","no"
"Ritchie Wharf","RW","peak",2,1,"yes","yes","X","no","yes","yes","yes","yes","no"
"Ritchie Wharf","RW","peak",2,2,"yes","yes","X","no","yes","yes","yes","yes","no"
"Ritchie Wharf","RW","peak",2,3,"yes","yes","X","no","yes","yes","yes","yes","no"
"Ritchie Wharf","RW","peak",2,4,"yes","yes","X","no","yes","yes","yes","yes","no"
"Ritchie Wharf","RW","peak",2,5,"yes","yes","X","no","yes","yes","yes","yes","no"
"Ritchie Wharf","RW","peak",2,6,"yes","yes","X","no","yes","yes","yes","yes","no"
"Ritchie Wharf","RW","peak",2,7,"yes","yes","F","no","yes","yes","yes","yes","no"
"Ritchie Wharf","RW","peak",2,8,"yes","yes","X","no","yes","yes","yes","yes","no"
"Ritchie Wharf","RW","peak",2,9,"yes","yes","IV","no","yes","yes","yes","yes","no"
"Ritchie Wharf","RW","peak",2,10,"yes","yes","IV","no","yes","yes","yes","yes","no"
"Ritchie Wharf","RW","late",1,1,"yes","yes","X","no","yes","yes","yes","yes","no"
"Ritchie Wharf","RW","late",1,2,"yes","yes","X","no","yes","yes","yes","yes","no"
"Ritchie Wharf","RW","late",1,3,"yes","yes","IV","no","yes","yes","yes","yes","no"
"Ritchie Wharf","RW","late",1,4,"yes","yes","IV","no","yes","yes","yes","yes","no"
"Ritchie Wharf","RW","late",1,5,"yes","yes","X","no","yes","yes","yes","yes","no"
"Ritchie Wharf","RW","late",1,6,"yes","yes","IV","no","yes","yes","yes","yes","no"
"Ritchie Wharf","RW","late",1,7,"yes","yes","X","no","yes","yes","yes","yes","no"
"Ritchie Wharf","RW","late",1,8,"yes","yes","X","no","yes","yes","yes","yes","no"
"Ritchie Wharf","RW","late",1,9,"yes","yes","X","no","yes","yes","yes","yes","no"
"Ritchie Wharf","RW","late",1,10,"yes","yes","X","no","yes","yes","yes","yes","no"
"Ritchie Wharf","RW","late",2,1,"yes","yes","X","no","yes","yes","yes","yes","no"
"Ritchie Wharf","RW","late",2,2,"yes","yes","X","no","yes","yes","yes","yes","no"
"Ritchie Wharf","RW","late",2,3,"yes","yes","IV","no","yes","yes","yes","yes","no"
"Ritchie Wharf","RW","late",2,4,"yes","yes","X","no","yes","yes","yes","yes","no"
"Ritchie Wharf","RW","late",2,5,"yes","yes","X","no","yes","yes","yes","yes","no"
"Ritchie Wharf","RW","late",2,6,"yes","yes","X","no","yes","yes","yes","yes","no"
"Ritchie Wharf","RW","late",2,7,"yes","yes","X","no","yes","yes","yes","yes","no"
"Ritchie Wharf","RW","late",2,8,"yes","yes","F","no","yes","yes","yes","yes","no"
"Ritchie Wharf","RW","late",2,9,"yes","yes","X","no","yes","yes","yes","yes","no"
"Ritchie Wharf","RW","late",2,10,"yes","yes","X","no","yes","yes","yes","yes","no"
"Sawyer Park","ME","late",1,3,NA,"yes","A_hudsonica","yes","yes","yes","no","no","yes"
"Sawyer Park","ME","late",1,7,NA,"yes","A_hudsonica","yes","yes","yes","no","no","yes"
"Sawyer Park","ME","late",1,6,NA,"yes","A_hudsonica","yes","yes","yes","no","no","yes"
"Sawyer Park","ME","late",1,8,NA,"yes","A_hudsonica","yes","yes","yes","no","no","yes"
"Sawyer Park","ME","late",1,10,NA,"yes","A_hudsonica","yes","yes","yes","no","no","yes"
"Sawyer Park","ME","late",1,2,NA,"yes","A_hudsonica","yes","yes","yes","no","no","yes"
"Sawyer Park","ME","late",1,4,NA,"yes","A_hudsonica","yes","yes","yes","no","no","yes"
"Sawyer Park","ME","late",1,9,NA,"yes","A_hudsonica","yes","yes","yes","no","no","yes"
"Sawyer Park","ME","late",1,5,NA,"yes","A_hudsonica","yes","yes","yes","no","no","yes"
