"region","doy","date","temp_c"
"Chesapeake",153,2023-06-02,20.7400833333333
"Chesapeake",154,2023-06-03,21.7788655462185
"Chesapeake",155,2023-06-04,21.3628333333333
"Chesapeake",156,2023-06-05,21.4727916666667
"Chesapeake",157,2023-06-06,21.8111715481172
"Chesapeake",158,2023-06-07,21.6784583333333
"Chesapeake",159,2023-06-08,21.3555648535565
"Chesapeake",160,2023-06-09,21.3123012552301
"Chesapeake",161,2023-06-10,21.382050209205
"Chesapeake",162,2023-06-11,21.791875
"Chesapeake",163,2023-06-12,21.9096666666667
"Chesapeake",164,2023-06-13,22.0366527196653
"Chesapeake",165,2023-06-14,21.861129707113
"Chesapeake",166,2023-06-15,22.1256837606838
"Chesapeake",167,2023-06-16,22.2479166666667
"Chesapeake",168,2023-06-17,22.301125
"Chesapeake",169,2023-06-18,22.378125
"Chesapeake",170,2023-06-19,22.5569166666667
"Chesapeake",171,2023-06-20,22.7710833333333
"Chesapeake",172,2023-06-21,22.3395555555556
"Chesapeake",173,2023-06-22,21.6248953974895
"Chesapeake",174,2023-06-23,21.694
"Chesapeake",175,2023-06-24,22.4202083333333
"Chesapeake",176,2023-06-25,23.2393697478992
"Chesapeake",177,2023-06-26,23.637125
"Chesapeake",178,2023-06-27,23.9104166666667
"Chesapeake",179,2023-06-28,23.7347058823529
"Chesapeake",180,2023-06-29,24.419079497908
"Chesapeake",181,2023-06-30,24.3015833333333
"Chesapeake",182,2023-07-01,24.0415481171548
"Chesapeake",183,2023-07-02,24.12575
"Chesapeake",184,2023-07-03,25.096
"Chesapeake",185,2023-07-04,25.61075
"Chesapeake",186,2023-07-05,26.5067123287671
"Chesapeake",187,2023-07-06,27.2775423728814
"Chesapeake",188,2023-07-07,27.446
"Chesapeake",189,2023-07-08,28.0883263598326
"Chesapeake",190,2023-07-09,27.7986666666667
"Chesapeake",191,2023-07-10,27.3285833333333
"Chesapeake",192,2023-07-11,27.3256666666667
"Chesapeake",193,2023-07-12,27.4739583333333
"Chesapeake",194,2023-07-13,27.5171966527197
"Chesapeake",195,2023-07-14,27.4990987124464
"Chesapeake",196,2023-07-15,27.4994583333333
"Chesapeake",197,2023-07-16,27.3529707112971
"Chesapeake",198,2023-07-17,27.549125
"Chesapeake",199,2023-07-18,27.9782916666667
"Chesapeake",200,2023-07-19,27.8282083333333
"Chesapeake",201,2023-07-20,28.2144166666667
"Chesapeake",202,2023-07-21,28.1055833333333
"Chesapeake",203,2023-07-22,28.094375
"Chesapeake",204,2023-07-23,28.1662916666667
"Chesapeake",205,2023-07-24,27.52175
"Chesapeake",206,2023-07-25,27.6030543933054
"Chesapeake",207,2023-07-26,27.904875
"Chesapeake",208,2023-07-27,28.1011666666667
"Chesapeake",209,2023-07-28,28.6573529411765
"Chesapeake",210,2023-07-29,28.6854166666667
"Chesapeake",211,2023-07-30,28.197625
"Chesapeake",212,2023-07-31,28.078625
"Chesapeake",213,2023-08-01,28.0200420168067
"Chesapeake",214,2023-08-02,27.7495798319328
"Chesapeake",215,2023-08-03,27.2700416666667
"Chesapeake",216,2023-08-04,26.7864583333333
"Chesapeake",217,2023-08-05,26.7676150627615
"Chesapeake",218,2023-08-06,26.8782083333333
"Chesapeake",219,2023-08-07,27.1589121338912
"Chesapeake",220,2023-08-08,26.9805
"Chesapeake",221,2023-08-09,26.848
"Chesapeake",222,2023-08-10,26.6982916666667
"Chesapeake",223,2023-08-11,26.55825
"Chesapeake",224,2023-08-12,26.8432916666667
"Chesapeake",225,2023-08-13,27.3195416666667
"Chesapeake",226,2023-08-14,27.7892916666667
"Chesapeake",227,2023-08-15,27.798
"Chesapeake",228,2023-08-16,27.7517154811715
"Chesapeake",229,2023-08-17,27.7958333333333
"Chesapeake",230,2023-08-18,27.669375
"Chesapeake",231,2023-08-19,27.3960833333333
"Chesapeake",232,2023-08-20,26.9909623430962
"Chesapeake",233,2023-08-21,27.1720833333333
"Chesapeake",234,2023-08-22,27.0782083333333
"Chesapeake",235,2023-08-23,26.840875
"Chesapeake",236,2023-08-24,26.5587916666667
"Chesapeake",237,2023-08-25,26.6207531380753
"Chesapeake",238,2023-08-26,26.923375
"Chesapeake",239,2023-08-27,27.0371666666667
"Chesapeake",240,2023-08-28,26.879125
"Chesapeake",241,2023-08-29,26.607
"Chesapeake",242,2023-08-30,26.6868333333333
"Chesapeake",243,2023-08-31,26.2109166666667
"Chesapeake",244,2023-09-01,25.805125
"Chesapeake",245,2023-09-02,25.5039583333333
"Chesapeake",246,2023-09-03,25.5637916666667
"Chesapeake",247,2023-09-04,26.1350833333333
"Chesapeake",248,2023-09-05,26.4468333333333
"Chesapeake",249,2023-09-06,27.3789805825243
"Chesapeake",250,2023-09-07,27.6788333333333
"Chesapeake",251,2023-09-08,27.5512083333333
"Chesapeake",252,2023-09-09,27.461375
"Chesapeake",253,2023-09-10,27.344375
"Chesapeake",254,2023-09-11,27.5852916666667
"Chesapeake",255,2023-09-12,27.5833333333333
"Chesapeake",256,2023-09-13,27.2065416666667
"Chesapeake",257,2023-09-14,27.055125
"Chesapeake",258,2023-09-15,25.916625
"Chesapeake",259,2023-09-16,25.28075
"Chesapeake",260,2023-09-17,24.8635416666667
"Chesapeake",261,2023-09-18,24.5044166666667
"Chesapeake",262,2023-09-19,24.3278333333333
"Chesapeake",263,2023-09-20,24.2004583333333
"Chesapeake",264,2023-09-21,24.05
"Chesapeake",265,2023-09-22,23.7420416666667
"Chesapeake",266,2023-09-23,23.3394560669456
"Chesapeake",267,2023-09-24,22.6960416666667
"Chesapeake",268,2023-09-25,22.10410041841
"Chesapeake",269,2023-09-26,21.940375
"Chesapeake",270,2023-09-27,21.9
"Chesapeake",271,2023-09-28,21.2866666666667
"Chesapeake",272,2023-09-29,21.094
"Chesapeake",273,2023-09-30,21.2487083333333
"Chesapeake",274,2023-10-01,21.224875
"Chesapeake",275,2023-10-02,21.3930833333333
"Chesapeake",276,2023-10-03,21.71525
"Chesapeake",277,2023-10-04,22.1070416666667
"Chesapeake",278,2023-10-05,22.235
"Chesapeake",279,2023-10-06,22.6289166666667
"Chesapeake",280,2023-10-07,22.2558333333333
"Chesapeake",281,2023-10-08,21.2017916666667
"Chesapeake",282,2023-10-09,20.5028333333333
"Chesapeake",283,2023-10-10,20.1966666666667
"Chesapeake",284,2023-10-11,20.08425
"Chesapeake",285,2023-10-12,20.348875
"Chesapeake",286,2023-10-13,20.1476666666667
"Chesapeake",287,2023-10-14,19.855625
"Chesapeake",288,2023-10-15,19.3585
"Chesapeake",289,2023-10-16,18.9358333333333
"Chesapeake",290,2023-10-17,18.7002510460251
"Chesapeake",291,2023-10-18,18.5236086956522
"Chesapeake",292,2023-10-19,18.2066945606695
"Chesapeake",293,2023-10-20,18.2976987447699
"Chesapeake",294,2023-10-21,18.1851046025105
"Chesapeake",295,2023-10-22,17.7977916666667
"Chesapeake",296,2023-10-23,17.696375
"Chesapeake",297,2023-10-24,17.1099166666667
"Chesapeake",298,2023-10-25,17.472
"Chesapeake",299,2023-10-26,17.697489539749
"Chesapeake",300,2023-10-27,17.876875
"Chesapeake",301,2023-10-28,18.256875
"Chesapeake",302,2023-10-29,18.513625
"Chesapeake",303,2023-10-30,18.5302764976959
"Chesapeake",304,2023-10-31,17.9874166666667
"Chesapeake",305,2023-11-01,17.2657916666667
"Chesapeake",306,2023-11-02,16.609625
"Chesapeake",307,2023-11-03,16.0957083333333
"Chesapeake",308,2023-11-04,15.9999578059072
"Chesapeake",309,2023-11-05,15.8630833333333
"Chesapeake",310,2023-11-06,15.8435416666667
"Chesapeake",311,2023-11-07,15.994375
"Chesapeake",312,2023-11-08,15.8230833333333
"Chesapeake",313,2023-11-09,15.790125
"Chesapeake",314,2023-11-10,15.6570416666667
"Chesapeake",315,2023-11-11,15.0951666666667
"Chesapeake",316,2023-11-12,14.943875
"Chesapeake",317,2023-11-13,14.5931666666667
"Chesapeake",318,2023-11-14,13.7969583333333
"Chesapeake",319,2023-11-15,13.576375
"Chesapeake",320,2023-11-16,13.1714166666667
"Chesapeake",321,2023-11-17,13.1066666666667
"Chesapeake",322,2023-11-18,13.3793333333333
"Chesapeake",323,2023-11-19,13.429625
"Chesapeake",324,2023-11-20,13.2084583333333
"Chesapeake",325,2023-11-21,12.9022594142259
"Chesapeake",326,2023-11-22,12.9538396624473
"Chesapeake",327,2023-11-23,12.7797916666667
"Chesapeake",328,2023-11-24,12.4556666666667
"Chesapeake",329,2023-11-25,12.272625
"Florida",153,2023-06-02,27.3627192982456
"Florida",154,2023-06-03,27.8902953586498
"Florida",155,2023-06-04,27.921387283237
"Florida",156,2023-06-05,27.7554621848739
"Florida",157,2023-06-06,27.6364406779661
"Florida",158,2023-06-07,28.175641025641
"Florida",159,2023-06-08,28.5894514767933
"Florida",160,2023-06-09,29.1693277310924
"Florida",161,2023-06-10,29.4182978723404
"Florida",162,2023-06-11,29.9874458874459
"Florida",163,2023-06-12,30.3704641350211
"Florida",164,2023-06-13,30.88875
"Florida",165,2023-06-14,31.2075949367089
"Florida",166,2023-06-15,31.3689075630252
"Florida",167,2023-06-16,31.0457983193277
"Florida",168,2023-06-17,30.6628691983122
"Florida",169,2023-06-18,30.5717948717949
"Florida",170,2023-06-19,30.6556962025316
"Florida",171,2023-06-20,30.7552742616034
"Florida",172,2023-06-21,29.7116666666667
"Florida",173,2023-06-22,29.3906382978723
"Florida",174,2023-06-23,29.9210084033613
"Florida",175,2023-06-24,30.2848484848485
"Florida",176,2023-06-25,30.78125
"Florida",177,2023-06-26,31.0041666666667
"Florida",178,2023-06-27,31.143347639485
"Florida",179,2023-06-28,31.24
"Florida",180,2023-06-29,31.6033333333333
"Florida",181,2023-06-30,32.0025
"Florida",182,2023-07-01,31.9716101694915
"Florida",183,2023-07-02,32.05
"Florida",184,2023-07-03,32.2843220338983
"Florida",185,2023-07-04,32.5123404255319
"Florida",186,2023-07-05,32.076170212766
"Florida",187,2023-07-06,31.8954166666667
"Florida",188,2023-07-07,32.04375
"Florida",189,2023-07-08,31.43625
"Florida",190,2023-07-09,30.9833333333333
"Florida",191,2023-07-10,31.1225
"Florida",192,2023-07-11,30.9325
"Florida",193,2023-07-12,31.5079166666667
"Florida",194,2023-07-13,32.1403361344538
"Florida",195,2023-07-14,32.5042918454936
"Florida",196,2023-07-15,32.858547008547
"Florida",197,2023-07-16,32.7382352941177
"Florida",198,2023-07-17,32.4504201680672
"Florida",199,2023-07-18,32.1766666666667
"Florida",200,2023-07-19,32.168776371308
"Florida",201,2023-07-20,32.2944680851064
"Florida",202,2023-07-21,32.6278481012658
"Florida",203,2023-07-22,32.5616071428571
"Florida",204,2023-07-23,32.1466666666667
"Florida",205,2023-07-24,31.7566666666667
"Florida",206,2023-07-25,31.6724299065421
"Florida",207,2023-07-26,32.0455319148936
"Florida",208,2023-07-27,31.5734234234234
"Florida",209,2023-07-28,31.4674311926606
"Florida",210,2023-07-29,31.8118143459916
"Florida",211,2023-07-30,32.6491666666667
"Florida",212,2023-07-31,32.6248945147679
"Florida",213,2023-08-01,31.99875
"Florida",214,2023-08-02,31.9017021276596
"Florida",215,2023-08-03,31.7491666666667
"Florida",216,2023-08-04,31.685
"Florida",217,2023-08-05,32.0487068965517
"Florida",218,2023-08-06,32.126359832636
"Florida",219,2023-08-07,32.790756302521
"Florida",220,2023-08-08,33.2914893617021
"Florida",221,2023-08-09,33.4430379746835
"Florida",222,2023-08-10,33.573275862069
"Florida",223,2023-08-11,33.8974358974359
"Florida",224,2023-08-12,33.7936440677966
"Florida",225,2023-08-13,34.1497907949791
"Florida",226,2023-08-14,33.4561181434599
"Florida",227,2023-08-15,32.8621848739496
"Florida",228,2023-08-16,33.0771300448431
"Florida",229,2023-08-17,32.340350877193
"Florida",230,2023-08-18,31.6162995594714
"Florida",231,2023-08-19,31.6966244725738
"Florida",232,2023-08-20,31.0766666666667
"Florida",233,2023-08-21,30.6530172413793
"Florida",234,2023-08-22,30.9641255605381
"Florida",235,2023-08-23,31.18
"Florida",236,2023-08-24,31.2820833333333
"Florida",237,2023-08-25,31.2704166666667
"Florida",238,2023-08-26,31.6645569620253
"Florida",239,2023-08-27,31.8305084745763
"Florida",240,2023-08-28,31.7690987124464
"Florida",241,2023-08-29,30.9504310344828
"Florida",242,2023-08-30,29.6808695652174
"Florida",243,2023-08-31,29.7881856540084
"Florida",244,2023-09-01,30.746835443038
"Florida",245,2023-09-02,30.9258333333333
"Florida",246,2023-09-03,30.1970464135021
"Florida",247,2023-09-04,29.86125
"Florida",248,2023-09-05,29.8154166666667
"Florida",249,2023-09-06,30.0891666666667
"Florida",250,2023-09-07,30.315
"Florida",251,2023-09-08,30.2933333333333
"Florida",252,2023-09-09,30.0733333333333
"Florida",253,2023-09-10,30.3279166666667
"Florida",254,2023-09-11,30.9433333333333
"Florida",255,2023-09-12,31.22625
"Florida",256,2023-09-13,31.4196652719665
"Florida",257,2023-09-14,31.3279166666667
"Florida",258,2023-09-15,31.5120833333333
"Florida",259,2023-09-16,31.5341666666667
"Florida",260,2023-09-17,31.3717299578059
"Florida",261,2023-09-18,31.54875
"Florida",262,2023-09-19,30.5995833333333
"Florida",263,2023-09-20,29.7741666666667
"Florida",264,2023-09-21,29.6808333333333
"Florida",265,2023-09-22,29.8066945606695
"Florida",266,2023-09-23,29.527731092437
"Florida",267,2023-09-24,29.3883333333333
"Florida",268,2023-09-25,29.6129166666667
"Florida",269,2023-09-26,29.1737068965517
"Florida",270,2023-09-27,29.2439330543933
"Florida",271,2023-09-28,29.1983333333333
"Florida",272,2023-09-29,28.8326180257511
"Florida",273,2023-09-30,29.0030172413793
"Florida",274,2023-10-01,29.0340425531915
"Florida",275,2023-10-02,28.25625
"Florida",276,2023-10-03,27.7663716814159
"Florida",277,2023-10-04,27.6113445378151
"Florida",278,2023-10-05,27.9793248945148
"Florida",279,2023-10-06,28.2254237288136
"Florida",280,2023-10-07,28.9189427312775
"Florida",281,2023-10-08,26.2038793103448
"Florida",282,2023-10-09,24.1649572649573
"Florida",283,2023-10-10,24.3420168067227
"Florida",284,2023-10-11,25.7786610878661
"Florida",285,2023-10-12,26.2408510638298
"Florida",286,2023-10-13,26.94875
"Florida",287,2023-10-14,27.1762711864407
"Florida",288,2023-10-15,26.691914893617
"Florida",289,2023-10-16,23.7819327731092
"Florida",290,2023-10-17,20.457805907173
"Florida",291,2023-10-18,21.4048245614035
"Florida",292,2023-10-19,23.2620833333333
"Florida",293,2023-10-20,24.1940425531915
"Florida",294,2023-10-21,24.5183333333333
"Florida",295,2023-10-22,25.136974789916
"Florida",296,2023-10-23,25.1603375527426
"Florida",297,2023-10-24,24.9876595744681
"Florida",298,2023-10-25,24.4504347826087
"Florida",299,2023-10-26,24.27375
"Florida",300,2023-10-27,24.2451882845188
"Florida",301,2023-10-28,24.0573839662447
"Florida",302,2023-10-29,24.0065789473684
"Florida",303,2023-10-30,24.5016666666667
"Florida",304,2023-10-31,24.914406779661
"Connecticut",153,2023-06-02,15.6560001373291
"Connecticut",154,2023-06-03,15.8040002822876
"Connecticut",155,2023-06-04,15.0599998474121
"Connecticut",156,2023-06-05,14.9380001068115
"Connecticut",157,2023-06-06,14.85
"Connecticut",158,2023-06-07,14.6639999389648
"Connecticut",159,2023-06-08,14.7540000915527
"Connecticut",160,2023-06-09,15.0439998626709
"Connecticut",161,2023-06-10,15.3760000228882
"Connecticut",162,2023-06-11,15.6079999923706
"Connecticut",163,2023-06-12,15.9180000305176
"Connecticut",164,2023-06-13,16.123999786377
"Connecticut",165,2023-06-14,16.3079998016357
"Connecticut",166,2023-06-15,16.4819999694824
"Connecticut",167,2023-06-16,16.7660003662109
"Connecticut",168,2023-06-17,16.8540000915527
"Connecticut",169,2023-06-18,17.1640003204346
"Connecticut",170,2023-06-19,17.4479995727539
"Connecticut",171,2023-06-20,17.6819995880127
"Connecticut",172,2023-06-21,17.8380001068115
"Connecticut",173,2023-06-22,17.7439998626709
"Connecticut",174,2023-06-23,17.6159999847412
"Connecticut",175,2023-06-24,17.9340007781982
"Connecticut",176,2023-06-25,18.3979999542236
"Connecticut",177,2023-06-26,18.4420001983643
"Connecticut",178,2023-06-27,18.2659999847412
"Connecticut",179,2023-06-28,18.3580005645752
"Connecticut",180,2023-06-29,18.7580001831055
"Connecticut",181,2023-06-30,19.1560001373291
"Connecticut",182,2023-07-01,19.5520004272461
"Connecticut",183,2023-07-02,20.0099998474121
"Connecticut",184,2023-07-03,20.3799999237061
"Connecticut",185,2023-07-04,20.6779998779297
"Connecticut",186,2023-07-05,20.8359996795654
"Connecticut",187,2023-07-06,21.0440002441406
"Connecticut",188,2023-07-07,21.2399997711182
"Connecticut",189,2023-07-08,21.4920001983643
"Connecticut",190,2023-07-09,21.5480003356934
"Connecticut",191,2023-07-10,21.4400001525879
"Connecticut",192,2023-07-11,21.22799949646
"Connecticut",193,2023-07-12,21.4619998931885
"Connecticut",194,2023-07-13,21.5399997711182
"Connecticut",195,2023-07-14,21.5659999847412
"Connecticut",196,2023-07-15,21.646000289917
"Connecticut",197,2023-07-16,21.9740001678467
"Connecticut",198,2023-07-17,22.0639999389648
"Connecticut",199,2023-07-18,21.7980003356934
"Connecticut",200,2023-07-19,21.7720001220703
"Connecticut",201,2023-07-20,21.926000213623
"Connecticut",202,2023-07-21,22.0420001983643
"Connecticut",203,2023-07-22,22.1979999542236
"Connecticut",204,2023-07-23,22.4779998779297
"Connecticut",205,2023-07-24,22.4659999847412
"Connecticut",206,2023-07-25,22.5859996795654
"Connecticut",207,2023-07-26,22.5440006256104
"Connecticut",208,2023-07-27,22.5400001525879
"Connecticut",209,2023-07-28,22.7160003662109
"Connecticut",210,2023-07-29,22.6859996795654
"Connecticut",211,2023-07-30,22.2860000610352
"Connecticut",212,2023-07-31,21.9399993896484
"Connecticut",213,2023-08-01,21.853999710083
"Connecticut",214,2023-08-02,21.5599998474121
"Connecticut",215,2023-08-03,21.2480003356934
"Connecticut",216,2023-08-04,21.1400001525879
"Connecticut",217,2023-08-05,21.1800003051758
"Connecticut",218,2023-08-06,21.2220001220703
"Connecticut",219,2023-08-07,21.15
"Connecticut",220,2023-08-08,21.0919998168945
"Connecticut",221,2023-08-09,21.0879997253418
"Connecticut",222,2023-08-10,21.0639999389648
"Connecticut",223,2023-08-11,21.0000003814697
"Connecticut",224,2023-08-12,21.2419998168945
"Connecticut",225,2023-08-13,21.6480003356934
"Connecticut",226,2023-08-14,21.7520000457764
"Connecticut",227,2023-08-15,21.8779998779297
"Connecticut",228,2023-08-16,21.8379997253418
"Connecticut",229,2023-08-17,21.65
"Connecticut",230,2023-08-18,21.4140003204346
"Connecticut",231,2023-08-19,21.1360004425049
"Connecticut",232,2023-08-20,20.9860000610352
"Connecticut",233,2023-08-21,20.9839996337891
"Connecticut",234,2023-08-22,21.0199993133545
"Connecticut",235,2023-08-23,21.0299999237061
"Connecticut",236,2023-08-24,20.9020004272461
"Connecticut",237,2023-08-25,20.9859996795654
"Connecticut",238,2023-08-26,21.3119998931885
"Connecticut",239,2023-08-27,21.3759998321533
"Connecticut",240,2023-08-28,21.4020000457764
"Connecticut",241,2023-08-29,21.4979999542236
"Connecticut",242,2023-08-30,21.1600002288818
"Connecticut",243,2023-08-31,20.9079998016357
"Connecticut",244,2023-09-01,20.6479999542236
"Connecticut",245,2023-09-02,20.5119998931885
"Connecticut",246,2023-09-03,20.7700000762939
"Connecticut",247,2023-09-04,21.3839996337891
"Connecticut",248,2023-09-05,21.9619995117188
"Connecticut",249,2023-09-06,22.8
"Connecticut",250,2023-09-07,23.2659996032715
"Connecticut",251,2023-09-08,23.25
"Connecticut",252,2023-09-09,23.1879997253418
"Connecticut",253,2023-09-10,23.0219997406006
"Connecticut",254,2023-09-11,22.9580001831055
"Connecticut",255,2023-09-12,22.8420001983643
"Connecticut",256,2023-09-13,22.6819995880127
"Connecticut",257,2023-09-14,22.5700004577637
"Connecticut",258,2023-09-15,22.3939998626709
"Connecticut",259,2023-09-16,20.9779998779297
"Connecticut",260,2023-09-17,20.7139995574951
"Connecticut",261,2023-09-18,20.4840000152588
"Connecticut",262,2023-09-19,20.1099998474121
"Connecticut",263,2023-09-20,20.0420001983643
"Connecticut",264,2023-09-21,19.8860000610352
"Connecticut",265,2023-09-22,19.4780002593994
"Connecticut",266,2023-09-23,19.2940002441406
"Connecticut",267,2023-09-24,18.82799949646
"Connecticut",268,2023-09-25,18.2719997406006
"Connecticut",269,2023-09-26,18.3439998626709
"Connecticut",270,2023-09-27,18.4159999847412
"Connecticut",271,2023-09-28,18.2220001220703
"Connecticut",272,2023-09-29,18.1939998626709
"Connecticut",273,2023-09-30,17.7639999389648
"Connecticut",274,2023-10-01,17.753999710083
"Connecticut",275,2023-10-02,17.7819995880127
"Connecticut",276,2023-10-03,17.8939998626709
"Connecticut",277,2023-10-04,18.1959999084473
"Connecticut",278,2023-10-05,18.3520000457764
"Connecticut",279,2023-10-06,18.276000213623
"Connecticut",280,2023-10-07,18.0840003967285
"Connecticut",281,2023-10-08,17.8599998474121
"Connecticut",282,2023-10-09,17.6240001678467
"Connecticut",283,2023-10-10,17.4899997711182
"Connecticut",284,2023-10-11,17.5079998016357
"Connecticut",285,2023-10-12,17.5700000762939
"Connecticut",286,2023-10-13,17.5240001678467
"Connecticut",287,2023-10-14,17.4400001525879
"Connecticut",288,2023-10-15,17.1720001220703
"Connecticut",289,2023-10-16,16.9320003509521
"Connecticut",290,2023-10-17,16.7919994354248
"Connecticut",291,2023-10-18,16.7440002441406
"Connecticut",292,2023-10-19,16.7959999084473
"Connecticut",293,2023-10-20,16.8859996795654
"Connecticut",294,2023-10-21,16.8200000762939
"Connecticut",295,2023-10-22,16.6600002288818
"Connecticut",296,2023-10-23,16.4959999084473
"Connecticut",297,2023-10-24,16.4540000915527
"Connecticut",298,2023-10-25,16.5440002441406
"Connecticut",299,2023-10-26,16.7160003662109
"Connecticut",300,2023-10-27,16.6599998474121
"Connecticut",301,2023-10-28,16.7199996948242
"Connecticut",302,2023-10-29,16.7419998168945
"Connecticut",303,2023-10-30,16.4079998016357
"Connecticut",304,2023-10-31,16.2499996185303
"Connecticut",305,2023-11-01,15.8059999465942
"Connecticut",306,2023-11-02,15.3599998474121
"Connecticut",307,2023-11-03,15.1719997406006
"Connecticut",308,2023-11-04,15.0620000839233
"Connecticut",309,2023-11-05,14.8900001525879
"Connecticut",310,2023-11-06,14.6959999084473
"Connecticut",311,2023-11-07,14.4379999160767
"Connecticut",312,2023-11-08,14.2459999084473
"Connecticut",313,2023-11-09,14.0880001068115
"Connecticut",314,2023-11-10,13.7440000534058
"Connecticut",315,2023-11-11,13.5959997177124
"Maine",153,2023-06-02,13.1333333651225
"Maine",154,2023-06-03,13.1400000254313
"Maine",155,2023-06-04,11.6433334350586
"Maine",156,2023-06-05,11.0983333587646
"Maine",157,2023-06-06,11.2933332125346
"Maine",158,2023-06-07,11.0516667366028
"Maine",159,2023-06-08,11.181666692098
"Maine",160,2023-06-09,11.5366665522257
"Maine",161,2023-06-10,11.7266666094462
"Maine",162,2023-06-11,11.8950001398722
"Maine",163,2023-06-12,12.2000001271566
"Maine",164,2023-06-13,12.5716667175293
"Maine",165,2023-06-14,12.611666838328
"Maine",166,2023-06-15,12.9883332252502
"Maine",167,2023-06-16,13.5816666285197
"Maine",168,2023-06-17,13.7983333269755
"Maine",169,2023-06-18,12.7333335876465
"Maine",170,2023-06-19,12.5466667811076
"Maine",171,2023-06-20,12.75
"Maine",172,2023-06-21,13.0950001080831
"Maine",173,2023-06-22,13.4133330980937
"Maine",174,2023-06-23,14.1116665204366
"Maine",175,2023-06-24,14.6233332951864
"Maine",176,2023-06-25,15.3133333524068
"Maine",177,2023-06-26,15.5666664441427
"Maine",178,2023-06-27,15.2033332188924
"Maine",179,2023-06-28,15.3099999427795
"Maine",180,2023-06-29,15.1349999109904
"Maine",181,2023-06-30,15.3533333142598
"Maine",182,2023-07-01,15.6983334223429
"Maine",183,2023-07-02,14.960000038147
"Maine",184,2023-07-03,15.6016667683919
"Maine",185,2023-07-04,16.0616668065389
"Maine",186,2023-07-05,16.0549999872843
"Maine",187,2023-07-06,16.628333568573
"Maine",188,2023-07-07,17.4816665649414
"Maine",189,2023-07-08,17.5450003941854
"Maine",190,2023-07-09,16.7850001653035
"Maine",191,2023-07-10,17.0866667429606
"Maine",192,2023-07-11,17.4833335876465
"Maine",193,2023-07-12,17.9650001525879
"Maine",194,2023-07-13,18.1299997965495
"Maine",195,2023-07-14,18.4050000508626
"Maine",196,2023-07-15,18.615000406901
"Maine",197,2023-07-16,18.5766665140788
"Maine",198,2023-07-17,18.5333331425985
"Maine",199,2023-07-18,18.4800001780192
"Maine",200,2023-07-19,18.886666615804
"Maine",201,2023-07-20,19.2983331680298
"Maine",202,2023-07-21,19.0733334223429
"Maine",203,2023-07-22,19.1500002543132
"Maine",204,2023-07-23,19.2283334732056
"Maine",205,2023-07-24,19.2816667556763
"Maine",206,2023-07-25,19.4416666030884
"Maine",207,2023-07-26,19.7133331298828
"Maine",208,2023-07-27,19.6166667938232
"Maine",209,2023-07-28,19.7833331425985
"Maine",210,2023-07-29,19.5900001525879
"Maine",211,2023-07-30,18.3716669082642
"Maine",212,2023-07-31,17.8683334986369
"Maine",213,2023-08-01,17.7483329772949
"Maine",214,2023-08-02,17.6133330663045
"Maine",215,2023-08-03,17.4949998855591
"Maine",216,2023-08-04,17.3966668446859
"Maine",217,2023-08-05,17.1133337020874
"Maine",218,2023-08-06,16.9983336130778
"Maine",219,2023-08-07,16.806666692098
"Maine",220,2023-08-08,17.0049997965495
"Maine",221,2023-08-09,17.1599998474121
"Maine",222,2023-08-10,17.2799997329712
"Maine",223,2023-08-11,17.641666730245
"Maine",224,2023-08-12,17.9933334986369
"Maine",225,2023-08-13,18.6183334986369
"Maine",226,2023-08-14,18.914999961853
"Maine",227,2023-08-15,19.2466665903727
"Maine",228,2023-08-16,19.5966669718424
"Maine",229,2023-08-17,19.375
"Maine",230,2023-08-18,19.011666615804
"Maine",231,2023-08-19,18.634999593099
"Maine",232,2023-08-20,18.1550000508626
"Maine",233,2023-08-21,17.9066664377848
"Maine",234,2023-08-22,17.766666730245
"Maine",235,2023-08-23,17.7700001398722
"Maine",236,2023-08-24,17.8516667683919
"Maine",237,2023-08-25,17.4999996821086
"Maine",238,2023-08-26,17.4233328501383
"Maine",239,2023-08-27,17.6700000762939
"Maine",240,2023-08-28,17.8783330917358
"Maine",241,2023-08-29,18.0683329900106
"Maine",242,2023-08-30,17.9966669082642
"Maine",243,2023-08-31,17.806666692098
"Maine",244,2023-09-01,17.2733335494995
"Maine",245,2023-09-02,16.891666730245
"Maine",246,2023-09-03,16.9933331807454
"Maine",247,2023-09-04,17.2150001525879
"Maine",248,2023-09-05,17.5016667048136
"Maine",249,2023-09-06,18.7483332951864
"Maine",250,2023-09-07,19.3783337275187
"Maine",251,2023-09-08,19.5433333714803
"Maine",252,2023-09-09,19.2833334604899
"Maine",253,2023-09-10,19.1750001907349
"Maine",254,2023-09-11,19.0799996058146
"Maine",255,2023-09-12,18.9033336639404
"Maine",256,2023-09-13,18.8850002288818
"Maine",257,2023-09-14,18.9416669209798
"Maine",258,2023-09-15,18.6916666030884
"Maine",259,2023-09-16,16.3166667620341
"Maine",260,2023-09-17,15.2783335049947
"Maine",261,2023-09-18,15.4716664950053
"Maine",262,2023-09-19,14.9633334477743
"Maine",263,2023-09-20,14.9100000063578
"Maine",264,2023-09-21,14.9633332888285
"Maine",265,2023-09-22,14.9416666030884
"Maine",266,2023-09-23,14.7633334795634
"Maine",267,2023-09-24,14.7783335049947
"Maine",268,2023-09-25,14.6483332316081
"Maine",269,2023-09-26,14.5016663869222
"Maine",270,2023-09-27,14.4133334159851
"Maine",271,2023-09-28,14.3249999682109
"Maine",272,2023-09-29,14.2216664950053
"Maine",273,2023-09-30,14.3816668192546
"Maine",274,2023-10-01,14.4166666666667
"Maine",275,2023-10-02,14.664999961853
"Maine",276,2023-10-03,14.7150001525879
"Maine",277,2023-10-04,14.5883332888285
"Maine",278,2023-10-05,14.6050001780192
"Maine",279,2023-10-06,14.5233333905538
"Maine",280,2023-10-07,14.5133333206177
"Maine",281,2023-10-08,14.2849998474121
"Maine",282,2023-10-09,14.2183334032694
"Maine",283,2023-10-10,14.0833331743876
"Maine",284,2023-10-11,13.9499999682109
"Maine",285,2023-10-12,13.9433331489563
"Maine",286,2023-10-13,13.8449997901917
"Maine",287,2023-10-14,13.6583333015442
"Maine",288,2023-10-15,13.5283331871033
"Maine",289,2023-10-16,13.5116667747498
"Maine",290,2023-10-17,13.3200000127157
"Maine",291,2023-10-18,13.1266665458679
"Maine",292,2023-10-19,13.1983332633972
"Maine",293,2023-10-20,13.2683334350586
"Maine",294,2023-10-21,13.3116668065389
"Maine",295,2023-10-22,13.0683331489563
"Maine",296,2023-10-23,12.9016666412354
"Maine",297,2023-10-24,12.8383334477743
"Maine",298,2023-10-25,12.8966666857402
"Maine",299,2023-10-26,13.2866665522257
"Maine",300,2023-10-27,13.4683334032694
"Maine",301,2023-10-28,13.5966668128967
"Maine",302,2023-10-29,13.4083334604899
"Maine",303,2023-10-30,12.7033332188924
"Maine",304,2023-10-31,12.289999961853
"Maine",305,2023-11-01,11.9366664886475
"Maine",306,2023-11-02,11.6049998601278
"Maine",307,2023-11-03,11.3816668192546
"Maine",308,2023-11-04,11.2500001589457
"Maine",309,2023-11-05,11.3283333778381
"Maine",310,2023-11-06,11.2449998855591
"Maine",311,2023-11-07,11.1799999872843
"Maine",312,2023-11-08,11.0766665140788
"Maine",313,2023-11-09,10.8599999745687
"Maine",314,2023-11-10,10.6833333969116
"Maine",315,2023-11-11,10.5216665267944
"Miramichi",153,2023-06-02,9.9228572845459
"Miramichi",154,2023-06-03,10.0785714558193
"Miramichi",155,2023-06-04,8.96285717827933
"Miramichi",156,2023-06-05,8.7985714503697
"Miramichi",157,2023-06-06,9.17000007629395
"Miramichi",158,2023-06-07,9.45000008174351
"Miramichi",159,2023-06-08,9.21142864227295
"Miramichi",160,2023-06-09,9.06428582327706
"Miramichi",161,2023-06-10,11.1428571428571
"Miramichi",162,2023-06-11,11.5228572572981
"Miramichi",163,2023-06-12,11.4857143674578
"Miramichi",164,2023-06-13,11.6485714231219
"Miramichi",165,2023-06-14,11.6899999891009
"Miramichi",166,2023-06-15,12.02571446555
"Miramichi",167,2023-06-16,12.0657142911639
"Miramichi",168,2023-06-17,11.8585713250296
"Miramichi",169,2023-06-18,11.6028569085257
"Miramichi",170,2023-06-19,12.4471428734916
"Miramichi",171,2023-06-20,12.6971428734916
"Miramichi",172,2023-06-21,12.6699998038156
"Miramichi",173,2023-06-22,12.6871426446097
"Miramichi",174,2023-06-23,13.6814286368234
"Miramichi",175,2023-06-24,14.4314285005842
"Miramichi",176,2023-06-25,14.294285774231
"Miramichi",177,2023-06-26,14.0457143783569
"Miramichi",178,2023-06-27,13.6457142148699
"Miramichi",179,2023-06-28,13.767142704555
"Miramichi",180,2023-06-29,13.792857170105
"Miramichi",181,2023-06-30,14.2800000054496
"Miramichi",182,2023-07-01,14.6171428135463
"Miramichi",183,2023-07-02,14.524285861424
"Miramichi",184,2023-07-03,15.2714286531721
"Miramichi",185,2023-07-04,16.1542857033866
"Miramichi",186,2023-07-05,16.3700001580375
"Miramichi",187,2023-07-06,16.7857144219535
"Miramichi",188,2023-07-07,17.0714287076678
"Miramichi",189,2023-07-08,17.8928571428571
"Miramichi",190,2023-07-09,18.4657143184117
"Miramichi",191,2023-07-10,18.8657144818987
"Miramichi",192,2023-07-11,19.0971431732178
"Miramichi",193,2023-07-12,18.7128571101597
"Miramichi",194,2023-07-13,18.8242857796805
"Miramichi",195,2023-07-14,19.0542858668736
"Miramichi",196,2023-07-15,19.4885714394706
"Miramichi",197,2023-07-16,19.7957142421177
"Miramichi",198,2023-07-17,20.0628572191511
"Miramichi",199,2023-07-18,19.9557146344866
"Miramichi",200,2023-07-19,19.9171431405204
"Miramichi",201,2023-07-20,19.8171424865723
"Miramichi",202,2023-07-21,19.5385714939662
"Miramichi",203,2023-07-22,19.1499996185303
"Miramichi",204,2023-07-23,19.265714100429
"Miramichi",205,2023-07-24,19.6042856488909
"Miramichi",206,2023-07-25,19.8928571428571
"Miramichi",207,2023-07-26,19.9271430969238
"Miramichi",208,2023-07-27,20.1171428135463
"Miramichi",209,2023-07-28,20.1628573281424
"Miramichi",210,2023-07-29,19.9257139478411
"Miramichi",211,2023-07-30,19.735714503697
"Miramichi",212,2023-07-31,19.5742857796805
"Miramichi",213,2023-08-01,19.0971431732178
"Miramichi",214,2023-08-02,18.8157141549247
"Miramichi",215,2023-08-03,18.6171430860247
"Miramichi",216,2023-08-04,18.4457144056048
"Miramichi",217,2023-08-05,18.3742858341762
"Miramichi",218,2023-08-06,18.1842858450753
"Miramichi",219,2023-08-07,18.0514289311
"Miramichi",220,2023-08-08,17.8600000653948
"Miramichi",221,2023-08-09,17.4771428789411
"Miramichi",222,2023-08-10,17.2742859976632
"Miramichi",223,2023-08-11,17.2314284188407
"Miramichi",224,2023-08-12,17.3542859213693
"Miramichi",225,2023-08-13,17.7085712977818
"Miramichi",226,2023-08-14,17.9814289637974
"Miramichi",227,2023-08-15,17.654285975865
"Miramichi",228,2023-08-16,17.7757143293108
"Miramichi",229,2023-08-17,18.0942856924874
"Miramichi",230,2023-08-18,18.1914288657052
"Miramichi",231,2023-08-19,18.5599997384208
"Miramichi",232,2023-08-20,18.5214282444545
"Miramichi",233,2023-08-21,18.3885716029576
"Miramichi",234,2023-08-22,18.2557144165039
"Miramichi",235,2023-08-23,18.0928570883615
"Miramichi",236,2023-08-24,18.1157142094203
"Miramichi",237,2023-08-25,18.1299999782017
"Miramichi",238,2023-08-26,17.8528570447649
"Miramichi",239,2023-08-27,17.4200000762939
"Miramichi",240,2023-08-28,17.4471430097307
"Miramichi",241,2023-08-29,17.5185710362026
"Miramichi",242,2023-08-30,17.4757140023368
"Miramichi",243,2023-08-31,17.3871429988316
"Miramichi",244,2023-09-01,16.9957144601004
"Miramichi",245,2023-09-02,16.8257141113281
"Miramichi",246,2023-09-03,16.8957140786307
"Miramichi",247,2023-09-04,17.1214286259242
"Miramichi",248,2023-09-05,17.5
"Miramichi",249,2023-09-06,17.7157140459333
"Miramichi",250,2023-09-07,17.8157138824463
"Miramichi",251,2023-09-08,18.7185712541853
"Miramichi",252,2023-09-09,18.9242856161935
"Miramichi",253,2023-09-10,19.0642855507987
"Miramichi",254,2023-09-11,18.9814286913191
"Miramichi",255,2023-09-12,18.3742858341762
"Miramichi",256,2023-09-13,18.4257144927979
"Miramichi",257,2023-09-14,18.1357143947056
"Miramichi",258,2023-09-15,18.165714263916
"Miramichi",259,2023-09-16,18.0885718209403
"Miramichi",260,2023-09-17,17.7028568812779
"Miramichi",261,2023-09-18,17.5757141113281
"Miramichi",262,2023-09-19,17.2042857578823
"Miramichi",263,2023-09-20,16.9285717010498
"Miramichi",264,2023-09-21,16.6800000326974
"Miramichi",265,2023-09-22,16.4742862156459
"Miramichi",266,2023-09-23,16.3657143456595
"Miramichi",267,2023-09-24,16.2900002343314
"Miramichi",268,2023-09-25,16.0714287076678
"Miramichi",269,2023-09-26,15.8699998855591
"Miramichi",270,2023-09-27,15.5842858723232
"Miramichi",271,2023-09-28,15.6528570992606
"Miramichi",272,2023-09-29,15.7371429715838
"Miramichi",273,2023-09-30,15.9442856652396
"Miramichi",274,2023-10-01,16.0085716247559
"Miramichi",275,2023-10-02,16.1400000708444
"Miramichi",276,2023-10-03,16.1871427808489
"Miramichi",277,2023-10-04,15.9671429225377
"Miramichi",278,2023-10-05,15.9128571919033
"Miramichi",279,2023-10-06,15.9142859322684
"Miramichi",280,2023-10-07,16.0971427645002
"Miramichi",281,2023-10-08,15.8071428026472
"Miramichi",282,2023-10-09,15.5742855072021
"Miramichi",283,2023-10-10,15.4471427372524
"Miramichi",284,2023-10-11,15.3485716411046
"Miramichi",285,2023-10-12,15.3714284896851
"Miramichi",286,2023-10-13,15.3385714122227
"Miramichi",287,2023-10-14,15.2757140568325
"Miramichi",288,2023-10-15,14.8471429007394
"Miramichi",289,2023-10-16,14.2314286913191
"Miramichi",290,2023-10-17,13.6171429497855
"Miramichi",291,2023-10-18,13.4514285496303
"Miramichi",292,2023-10-19,13.3557141167777
"Miramichi",293,2023-10-20,13.2828569412231
"Miramichi",294,2023-10-21,13.0914286204747
"Miramichi",295,2023-10-22,12.8271428516933
"Miramichi",296,2023-10-23,12.6542857033866
"Miramichi",297,2023-10-24,12.5985715048654
"Miramichi",298,2023-10-25,12.5128573008946
"Miramichi",299,2023-10-26,12.3757141658238
"Miramichi",300,2023-10-27,12.3442856924874
"Miramichi",301,2023-10-28,12.1557141712734
"Miramichi",302,2023-10-29,12.1599999836513
"Miramichi",303,2023-10-30,11.8657143456595
"Miramichi",304,2023-10-31,11.7842855453491
"Miramichi",305,2023-11-01,11.5142857687814
"Miramichi",306,2023-11-02,10.9785714830671
"Miramichi",307,2023-11-03,10.5771428516933
"Miramichi",308,2023-11-04,10.3728572300502
"Miramichi",309,2023-11-05,10.1328569139753
"Miramichi",310,2023-11-06,9.90142863137381
"Miramichi",311,2023-11-07,9.70714296613421
"Miramichi",312,2023-11-08,9.34142862047468
"Miramichi",313,2023-11-09,9.00428567613874
"Miramichi",314,2023-11-10,8.81999996730259
"Miramichi",315,2023-11-11,8.59571429661342
"Shediac",153,2023-06-02,10.8709999084473
"Shediac",154,2023-06-03,11
"Shediac",155,2023-06-04,10.3049999237061
"Shediac",156,2023-06-05,10.2420001029968
"Shediac",157,2023-06-06,10.6310001373291
"Shediac",158,2023-06-07,10.8539999008179
"Shediac",159,2023-06-08,10.8039999008179
"Shediac",160,2023-06-09,10.4410001754761
"Shediac",161,2023-06-10,11.8730000495911
"Shediac",162,2023-06-11,11.9680000305176
"Shediac",163,2023-06-12,11.8699999809265
"Shediac",164,2023-06-13,11.8160000801086
"Shediac",165,2023-06-14,11.8800001144409
"Shediac",166,2023-06-15,12.4239999771118
"Shediac",167,2023-06-16,12.5089998245239
"Shediac",168,2023-06-17,12.4939999580383
"Shediac",169,2023-06-18,12.1619999885559
"Shediac",170,2023-06-19,12.5289999008179
"Shediac",171,2023-06-20,12.6150001525879
"Shediac",172,2023-06-21,12.7770001411438
"Shediac",173,2023-06-22,12.7930000305176
"Shediac",174,2023-06-23,13.4470000267029
"Shediac",175,2023-06-24,14.0439999580383
"Shediac",176,2023-06-25,14.1260000228882
"Shediac",177,2023-06-26,13.9500001907349
"Shediac",178,2023-06-27,13.5719999313354
"Shediac",179,2023-06-28,13.6260000228882
"Shediac",180,2023-06-29,13.475
"Shediac",181,2023-06-30,13.8590000152588
"Shediac",182,2023-07-01,14.225
"Shediac",183,2023-07-02,14.2900000572205
"Shediac",184,2023-07-03,14.8189999580383
"Shediac",185,2023-07-04,15.581999874115
"Shediac",186,2023-07-05,15.8220001220703
"Shediac",187,2023-07-06,16.1349999427795
"Shediac",188,2023-07-07,16.2400001525879
"Shediac",189,2023-07-08,16.7470001220703
"Shediac",190,2023-07-09,17.0949997901917
"Shediac",191,2023-07-10,17.3420003890991
"Shediac",192,2023-07-11,17.7400001525879
"Shediac",193,2023-07-12,17.7959999084473
"Shediac",194,2023-07-13,18.1070001602173
"Shediac",195,2023-07-14,18.5180000305176
"Shediac",196,2023-07-15,19.0360000610352
"Shediac",197,2023-07-16,19.4119998931885
"Shediac",198,2023-07-17,19.7629999160767
"Shediac",199,2023-07-18,19.7479999542236
"Shediac",200,2023-07-19,19.7100002288818
"Shediac",201,2023-07-20,19.6049999237061
"Shediac",202,2023-07-21,19.623999786377
"Shediac",203,2023-07-22,19.6779996871948
"Shediac",204,2023-07-23,20.0509996414185
"Shediac",205,2023-07-24,20.3730001449585
"Shediac",206,2023-07-25,20.4879999160767
"Shediac",207,2023-07-26,20.4530000686646
"Shediac",208,2023-07-27,20.4179998397827
"Shediac",209,2023-07-28,20.4020004272461
"Shediac",210,2023-07-29,20.1010000228882
"Shediac",211,2023-07-30,20.0740001678467
"Shediac",212,2023-07-31,20.1819997787476
"Shediac",213,2023-08-01,19.8480003356934
"Shediac",214,2023-08-02,19.4630001068115
"Shediac",215,2023-08-03,19.0369998931885
"Shediac",216,2023-08-04,18.7480001449585
"Shediac",217,2023-08-05,18.6089998245239
"Shediac",218,2023-08-06,18.2739999771118
"Shediac",219,2023-08-07,18.1150001525879
"Shediac",220,2023-08-08,17.9739999771118
"Shediac",221,2023-08-09,17.6419998168945
"Shediac",222,2023-08-10,17.2629999160767
"Shediac",223,2023-08-11,17.1710000991821
"Shediac",224,2023-08-12,17.1430000305176
"Shediac",225,2023-08-13,17.4969997406006
"Shediac",226,2023-08-14,17.760000038147
"Shediac",227,2023-08-15,17.7280002593994
"Shediac",228,2023-08-16,17.8739999771118
"Shediac",229,2023-08-17,18.1300001144409
"Shediac",230,2023-08-18,18.1629999160767
"Shediac",231,2023-08-19,18.4469997406006
"Shediac",232,2023-08-20,18.4369997024536
"Shediac",233,2023-08-21,18.5
"Shediac",234,2023-08-22,18.514999961853
"Shediac",235,2023-08-23,18.4510000228882
"Shediac",236,2023-08-24,18.5560001373291
"Shediac",237,2023-08-25,18.6010000228882
"Shediac",238,2023-08-26,18.3549999237061
"Shediac",239,2023-08-27,18.1489999771118
"Shediac",240,2023-08-28,18.26100025177
"Shediac",241,2023-08-29,18.3229999542236
"Shediac",242,2023-08-30,18.3129999160767
"Shediac",243,2023-08-31,18.1720003128052
"Shediac",244,2023-09-01,17.7230001449585
"Shediac",245,2023-09-02,17.5289999008179
"Shediac",246,2023-09-03,17.5099998474121
"Shediac",247,2023-09-04,17.6359996795654
"Shediac",248,2023-09-05,17.7869998931885
"Shediac",249,2023-09-06,17.9519998550415
"Shediac",250,2023-09-07,18.1979997634888
"Shediac",251,2023-09-08,18.9490001678467
"Shediac",252,2023-09-09,19.1139999389648
"Shediac",253,2023-09-10,19.2829999923706
"Shediac",254,2023-09-11,19.3059997558594
"Shediac",255,2023-09-12,18.9779998779297
"Shediac",256,2023-09-13,19.1250001907349
"Shediac",257,2023-09-14,18.8989999771118
"Shediac",258,2023-09-15,18.7540000915527
"Shediac",259,2023-09-16,18.6050001144409
"Shediac",260,2023-09-17,18.1879997253418
"Shediac",261,2023-09-18,18.0539999008179
"Shediac",262,2023-09-19,17.7639999389648
"Shediac",263,2023-09-20,17.5110000610352
"Shediac",264,2023-09-21,17.1550001144409
"Shediac",265,2023-09-22,16.846000289917
"Shediac",266,2023-09-23,16.6550001144409
"Shediac",267,2023-09-24,16.5600004196167
"Shediac",268,2023-09-25,16.3830002784729
"Shediac",269,2023-09-26,16.1939997673035
"Shediac",270,2023-09-27,15.8700000762939
"Shediac",271,2023-09-28,15.914999961853
"Shediac",272,2023-09-29,16.0029999732971
"Shediac",273,2023-09-30,16.2340000152588
"Shediac",274,2023-10-01,16.2980001449585
"Shediac",275,2023-10-02,16.4620002746582
"Shediac",276,2023-10-03,16.4800003051758
"Shediac",277,2023-10-04,16.3010000228882
"Shediac",278,2023-10-05,16.2880001068115
"Shediac",279,2023-10-06,16.3170003890991
"Shediac",280,2023-10-07,16.531000328064
"Shediac",281,2023-10-08,16.2490000724792
"Shediac",282,2023-10-09,16.0619998931885
"Shediac",283,2023-10-10,15.873999786377
"Shediac",284,2023-10-11,15.7359999656677
"Shediac",285,2023-10-12,15.7440000534058
"Shediac",286,2023-10-13,15.6859997749329
"Shediac",287,2023-10-14,15.5289999961853
"Shediac",288,2023-10-15,15.2180000305176
"Shediac",289,2023-10-16,14.9030000686646
"Shediac",290,2023-10-17,13.9929999351501
"Shediac",291,2023-10-18,13.8170000076294
"Shediac",292,2023-10-19,13.691999912262
"Shediac",293,2023-10-20,13.5709997177124
"Shediac",294,2023-10-21,13.4589999198914
"Shediac",295,2023-10-22,13.2310000419617
"Shediac",296,2023-10-23,12.9040000915527
"Shediac",297,2023-10-24,12.8389999389648
"Shediac",298,2023-10-25,12.764999961853
"Shediac",299,2023-10-26,12.6379999160767
"Shediac",300,2023-10-27,12.6170001029968
"Shediac",301,2023-10-28,12.4529997825623
"Shediac",302,2023-10-29,12.4469999313354
"Shediac",303,2023-10-30,12.2079999923706
"Shediac",304,2023-10-31,12.0060000419617
"Shediac",305,2023-11-01,11.6820000648499
"Shediac",306,2023-11-02,11.139999961853
"Shediac",307,2023-11-03,10.8159999847412
"Shediac",308,2023-11-04,10.6539999961853
"Shediac",309,2023-11-05,10.4029998779297
"Shediac",310,2023-11-06,10.1560000419617
"Shediac",311,2023-11-07,9.95500001907349
"Shediac",312,2023-11-08,9.54600009918213
"Shediac",313,2023-11-09,9.04200000762939
"Shediac",314,2023-11-10,8.87700004577637
"Shediac",315,2023-11-11,8.78000001907349
